delivery_start,profit,number_of_actions
2023-01-01 00:00:00,4.372318271604938,16
2023-01-01 01:00:00,12.083288098765431,15
2023-01-01 02:00:00,27.805627901234576,24
2023-01-01 03:00:00,41.13370320987654,14
2023-01-01 04:00:00,39.04736148148149,53
2023-01-01 05:00:00,22.403,10
2023-01-01 06:00:00,23.36263703703704,16
2023-01-01 07:00:00,25.56953777777778,22
2023-01-01 08:00:00,4.834577777777777,5
2023-01-01 09:00:00,15.607722962962969,43
2023-01-01 10:00:00,20.592271407407416,75
2023-01-01 11:00:00,14.295192740740745,34
2023-01-01 12:00:00,97.35940024691368,118
2023-01-01 13:00:00,43.281226666666676,70
2023-01-01 14:00:00,42.184044444444446,21
2023-01-01 15:00:00,32.24782222222222,11
2023-01-01 16:00:00,68.88793333333334,15
2023-01-01 17:00:00,51.21191111111111,9
2023-01-01 18:00:00,83.18546666666667,8
2023-01-01 19:00:00,79.3586888888889,6
2023-01-01 20:00:00,96.25182222222224,23
2023-01-01 21:00:00,41.45768888888894,17
2023-01-01 22:00:00,22.52946666666666,10
2023-01-01 23:00:00,19.202911111111113,11
2023-01-02 00:00:00,13.773133333333336,13
2023-01-02 01:00:00,28.79523111111113,37
2023-01-02 02:00:00,56.980044444444445,35
2023-01-02 03:00:00,35.75415555555557,25
2023-01-02 04:00:00,39.7231481481482,36
2023-01-02 05:00:00,-0.0,0
2023-01-02 06:00:00,-0.0,0
2023-01-02 07:00:00,-0.0,0
2023-01-02 08:00:00,-0.0,0
2023-01-02 09:00:00,-0.0,0
2023-01-02 10:00:00,-0.0,0
2023-01-02 11:00:00,-0.0,0
2023-01-02 12:00:00,-0.0,0
2023-01-02 13:00:00,-0.0,0
2023-01-02 14:00:00,-0.0,0
2023-01-02 15:00:00,-0.0,0
2023-01-02 16:00:00,-0.0,0
2023-01-02 17:00:00,-0.0,0
2023-01-02 18:00:00,-0.0,0
2023-01-02 19:00:00,-0.0,0
2023-01-02 20:00:00,-0.0,0
2023-01-02 21:00:00,-0.0,0
2023-01-02 22:00:00,-0.0,0
2023-01-02 23:00:00,-0.0,0
2023-01-03 00:00:00,-0.0,0
2023-01-03 01:00:00,-0.0,0
2023-01-03 02:00:00,-0.0,0
2023-01-03 03:00:00,-0.0,0
2023-01-03 04:00:00,-0.0,0
2023-01-03 05:00:00,34.05124444444448,6
2023-01-03 06:00:00,1.7396543209876612,4
2023-01-03 07:00:00,-0.0,0
2023-01-03 08:00:00,-0.0,0
2023-01-03 09:00:00,-0.0,0
2023-01-03 10:00:00,-0.0,0
2023-01-03 11:00:00,-0.0,0
2023-01-03 12:00:00,-0.0,0
2023-01-03 13:00:00,-0.0,0
2023-01-03 14:00:00,-0.0,0
2023-01-03 15:00:00,-0.0,0
2023-01-03 16:00:00,-0.0,0
2023-01-03 17:00:00,-0.0,0
2023-01-03 18:00:00,-0.0,0
2023-01-03 19:00:00,-0.0,0
2023-01-03 20:00:00,-0.0,0
2023-01-03 21:00:00,-0.0,0
2023-01-03 22:00:00,-0.0,0
2023-01-03 23:00:00,19.711244444444453,5
2023-01-04 00:00:00,28.918140740740725,20
2023-01-04 01:00:00,53.57931743209878,24
2023-01-04 02:00:00,15.285303111111112,38
2023-01-04 03:00:00,27.97487555555555,28
2023-01-04 04:00:00,41.61783753086421,39
2023-01-04 05:00:00,61.046182716049415,17
2023-01-04 06:00:00,41.03413333333334,5
2023-01-04 07:00:00,-0.0,0
2023-01-04 08:00:00,50.466577777777786,5
2023-01-04 09:00:00,57.12613333333334,5
2023-01-04 10:00:00,40.61946666666672,6
2023-01-04 11:00:00,64.33102222222224,6
2023-01-04 12:00:00,47.78726666666671,16
2023-01-04 13:00:00,62.9354666666667,6
2023-01-04 14:00:00,65.0806888888889,6
2023-01-04 15:00:00,78.8194666666667,5
2023-01-04 16:00:00,47.120022222222254,6
2023-01-04 17:00:00,42.93457777777779,6
2023-01-04 18:00:00,44.723466666666695,6
2023-01-04 19:00:00,20.775022222222262,6
2023-01-04 20:00:00,14.95423200000003,11
2023-01-04 21:00:00,22.059022222222247,5
2023-01-04 22:00:00,12.16287407407409,11
2023-01-04 23:00:00,21.28659355555556,8
2023-01-05 00:00:00,22.42799012345679,8
2023-01-05 01:00:00,11.28491111111111,6
2023-01-05 02:00:00,33.85057777777779,6
2023-01-05 03:00:00,159.61735111111108,23
2023-01-05 04:00:00,97.88577851851852,20
2023-01-05 05:00:00,14.78151604938273,9
2023-01-05 06:00:00,13.2203555555556,5
2023-01-05 07:00:00,38.5633555555556,5
2023-01-05 08:00:00,13.619133333333338,5
2023-01-05 09:00:00,2.117138222222195,8
2023-01-05 10:00:00,17.695688888888885,6
2023-01-05 11:00:00,-0.0,0
2023-01-05 12:00:00,-0.0,0
2023-01-05 13:00:00,-0.0,0
2023-01-05 14:00:00,-0.0,0
2023-01-05 15:00:00,-0.0,0
2023-01-05 16:00:00,-0.0,0
2023-01-05 17:00:00,-0.0,0
2023-01-05 18:00:00,-0.0,0
2023-01-05 19:00:00,-0.0,0
2023-01-05 20:00:00,-0.0,0
2023-01-05 21:00:00,-0.0,0
2023-01-05 22:00:00,-0.0,0
2023-01-05 23:00:00,-0.0,0
2023-01-06 00:00:00,-0.0,0
2023-01-06 01:00:00,1.616577777777806,5
2023-01-06 02:00:00,43.21524444444445,5
2023-01-06 03:00:00,-0.0,0
2023-01-06 04:00:00,-0.0,0
2023-01-06 05:00:00,-0.0,0
2023-01-06 06:00:00,4.343688888888934,5
2023-01-06 07:00:00,-0.0,0
2023-01-06 08:00:00,-0.0,0
2023-01-06 09:00:00,-0.0,0
2023-01-06 10:00:00,-0.0,0
2023-01-06 11:00:00,-0.0,0
2023-01-06 12:00:00,-0.0,0
2023-01-06 13:00:00,-0.0,0
2023-01-06 14:00:00,-0.0,0
2023-01-06 15:00:00,-0.0,0
2023-01-06 16:00:00,-0.0,0
2023-01-06 17:00:00,-0.0,0
2023-01-06 18:00:00,10.994024691358042,3
2023-01-06 19:00:00,8.253340000000009,4
2023-01-06 20:00:00,-0.0,0
2023-01-06 21:00:00,-0.0,0
2023-01-06 22:00:00,-0.0,0
2023-01-06 23:00:00,-0.0,0
2023-01-07 00:00:00,-0.0,0
2023-01-07 01:00:00,-0.0,0
2023-01-07 02:00:00,-0.0,0
2023-01-07 03:00:00,-0.0,0
2023-01-07 04:00:00,-0.0,0
2023-01-07 05:00:00,5.64424444444446,12
2023-01-07 06:00:00,-0.0,0
2023-01-07 07:00:00,-0.0,0
2023-01-07 08:00:00,-0.0,0
2023-01-07 09:00:00,-0.0,0
2023-01-07 10:00:00,16.910133333333363,8
2023-01-07 11:00:00,20.653688888888894,5
2023-01-07 12:00:00,3.488466666666696,8
2023-01-07 13:00:00,-0.0,0
2023-01-07 14:00:00,-0.0,0
2023-01-07 15:00:00,-0.0,0
2023-01-07 16:00:00,-0.0,0
2023-01-07 17:00:00,13.658577777777811,13
2023-01-07 18:00:00,13.702911111111163,7
2023-01-07 19:00:00,-0.0,0
2023-01-07 20:00:00,0.18464197530864013,3
2023-01-07 21:00:00,43.0098997530864,15
2023-01-07 22:00:00,37.384126666666674,18
2023-01-07 23:00:00,24.316340740740745,13
2023-01-08 00:00:00,24.900193481481484,15
2023-01-08 01:00:00,15.939071604938267,17
2023-01-08 02:00:00,5.641148888888888,7
2023-01-08 03:00:00,22.64057777777778,6
2023-01-08 04:00:00,44.770488888888885,15
2023-01-08 05:00:00,41.37410864197531,10
2023-01-08 06:00:00,51.199799999999996,7
2023-01-08 07:00:00,58.41480000000002,6
2023-01-08 08:00:00,6.255022222222275,12
2023-01-08 09:00:00,-0.0,0
2023-01-08 10:00:00,-0.0,0
2023-01-08 11:00:00,-0.0,0
2023-01-08 12:00:00,-0.0,0
2023-01-08 13:00:00,-0.0,0
2023-01-08 14:00:00,31.887688888888903,5
2023-01-08 15:00:00,33.93091111111109,7
2023-01-08 16:00:00,20.571022222222272,10
2023-01-08 17:00:00,16.33913333333335,11
2023-01-08 18:00:00,0.49124444444451854,16
2023-01-08 19:00:00,-0.0,0
2023-01-08 20:00:00,4.110577777777792,12
2023-01-08 21:00:00,17.237577777777844,10
2023-01-08 22:00:00,1.2076600000000184,6
2023-01-08 23:00:00,19.321244444444474,5
2023-01-09 00:00:00,-0.0,0
2023-01-09 01:00:00,4.848133333333344,5
2023-01-09 02:00:00,-0.0,0
2023-01-09 03:00:00,0.7495599999999989,2
2023-01-09 04:00:00,25.98546666666668,10
2023-01-09 05:00:00,-0.0,0
2023-01-09 06:00:00,-0.0,0
2023-01-09 07:00:00,-0.0,0
2023-01-09 08:00:00,-0.0,0
2023-01-09 09:00:00,-0.0,0
2023-01-09 10:00:00,-0.0,0
2023-01-09 11:00:00,-0.0,0
2023-01-09 12:00:00,-0.0,0
2023-01-09 13:00:00,0.24556000000001177,2
2023-01-09 14:00:00,49.27568888888888,5
2023-01-09 15:00:00,27.5536888888889,5
2023-01-09 16:00:00,19.829244444444527,6
2023-01-09 17:00:00,0.04055999999999926,2
2023-01-09 18:00:00,1.9212444444444827,5
2023-01-09 19:00:00,2.3105777777778087,6
2023-01-09 20:00:00,-0.0,0
2023-01-09 21:00:00,6.301466666666698,5
2023-01-09 22:00:00,16.35124444444449,5
2023-01-09 23:00:00,-0.0,0
2023-01-10 00:00:00,-0.0,0
2023-01-10 01:00:00,-0.0,0
2023-01-10 02:00:00,-0.0,0
2023-01-10 03:00:00,-0.0,0
2023-01-10 04:00:00,-0.0,0
2023-01-10 05:00:00,-0.0,0
2023-01-10 06:00:00,-0.0,0
2023-01-10 07:00:00,-0.0,0
2023-01-10 08:00:00,-0.0,0
2023-01-10 09:00:00,199.64501234567902,3
2023-01-10 10:00:00,-0.0,0
2023-01-10 11:00:00,-0.0,0
2023-01-10 12:00:00,-0.0,0
2023-01-10 13:00:00,-0.0,0
2023-01-10 14:00:00,-0.0,0
2023-01-10 15:00:00,-0.0,0
2023-01-10 16:00:00,-0.0,0
2023-01-10 17:00:00,-0.0,0
2023-01-10 18:00:00,-0.0,0
2023-01-10 19:00:00,-0.0,0
2023-01-10 20:00:00,1.862913580246925,3
2023-01-10 21:00:00,11.367911111111134,5
2023-01-10 22:00:00,19.885695802469154,11
2023-01-10 23:00:00,24.319807555555553,46
2023-01-11 00:00:00,22.658872666666664,22
2023-01-11 01:00:00,18.740793333333333,12
2023-01-11 02:00:00,18.552254049382714,19
2023-01-11 03:00:00,27.401775802469135,33
2023-01-11 04:00:00,27.75464888888888,28
2023-01-11 05:00:00,31.124577777777773,5
2023-01-11 06:00:00,-0.0,0
2023-01-11 07:00:00,-0.0,0
2023-01-11 08:00:00,-0.0,0
2023-01-11 09:00:00,-0.0,0
2023-01-11 10:00:00,-0.0,0
2023-01-11 11:00:00,-0.0,0
2023-01-11 12:00:00,0.6256296296296426,3
2023-01-11 13:00:00,-0.0,0
2023-01-11 14:00:00,-0.0,0
2023-01-11 15:00:00,-0.0,0
2023-01-11 16:00:00,1.9056296296296296,3
2023-01-11 17:00:00,-0.0,0
2023-01-11 18:00:00,2.961629629629641,5
2023-01-11 19:00:00,-0.0,0
2023-01-11 20:00:00,17.701244444444455,5
2023-01-11 21:00:00,5.585244444444484,5
2023-01-11 22:00:00,52.15546666666668,7
2023-01-11 23:00:00,23.87524444444444,5
2023-01-12 00:00:00,23.41988888888889,47
2023-01-12 01:00:00,11.645813234567903,17
2023-01-12 02:00:00,18.585598123456794,47
2023-01-12 03:00:00,62.96803481481483,82
2023-01-12 04:00:00,61.1678222222222,13
2023-01-12 05:00:00,47.04013333333334,9
2023-01-12 06:00:00,-0.0,0
2023-01-12 07:00:00,-0.0,0
2023-01-12 08:00:00,64.92791111111111,6
2023-01-12 09:00:00,-0.0,0
2023-01-12 10:00:00,-0.0,0
2023-01-12 11:00:00,25.455355555555556,7
2023-01-12 12:00:00,25.343244444444466,6
2023-01-12 13:00:00,-0.0,0
2023-01-12 14:00:00,-0.0,0
2023-01-12 15:00:00,12.995688888888886,6
2023-01-12 16:00:00,-0.0,0
2023-01-12 17:00:00,4.360133333333412,9
2023-01-12 18:00:00,-0.0,0
2023-01-12 19:00:00,-0.0,0
2023-01-12 20:00:00,6.027244444444488,6
2023-01-12 21:00:00,55.98413333333333,7
2023-01-12 22:00:00,29.27068888888888,6
2023-01-12 23:00:00,63.920133333333354,5
2023-01-13 00:00:00,106.10968888888891,6
2023-01-13 01:00:00,75.91568888888888,7
2023-01-13 02:00:00,60.96346666666666,5
2023-01-13 03:00:00,49.678065777777775,7
2023-01-13 04:00:00,36.39235555555556,5
2023-01-13 05:00:00,18.358355555555576,6
2023-01-13 06:00:00,0.36846913580247787,4
2023-01-13 07:00:00,-0.0,0
2023-01-13 08:00:00,0.6488395061728482,3
2023-01-13 09:00:00,-0.0,0
2023-01-13 10:00:00,0.8255599999999959,2
2023-01-13 11:00:00,7.778800000000032,6
2023-01-13 12:00:00,0.15329876543210474,3
2023-01-13 13:00:00,0.1870222222222253,2
2023-01-13 14:00:00,1.7402271604938377,2
2023-01-13 15:00:00,0.003530864197550443,4
2023-01-13 16:00:00,-0.0,0
2023-01-13 17:00:00,16.85480000000004,5
2023-01-13 18:00:00,28.484244444444492,7
2023-01-13 19:00:00,19.804133333333354,7
2023-01-13 20:00:00,19.615577777777858,9
2023-01-13 21:00:00,16.851466666666717,8
2023-01-13 22:00:00,33.36946666666667,5
2023-01-13 23:00:00,42.648257777777744,13
2023-01-14 00:00:00,-0.0,0
2023-01-14 01:00:00,6.925506172839512,3
2023-01-14 02:00:00,38.17746666666667,8
2023-01-14 03:00:00,40.38657777777779,5
2023-01-14 04:00:00,35.69991111111111,7
2023-01-14 05:00:00,20.208244444444432,10
2023-01-14 06:00:00,6.369688888888938,12
2023-01-14 07:00:00,24.36302222222225,6
2023-01-14 08:00:00,15.799466666666731,13
2023-01-14 09:00:00,14.220244444444454,7
2023-01-14 10:00:00,18.005688888888926,7
2023-01-14 11:00:00,15.220577777777791,5
2023-01-14 12:00:00,12.011520000000019,5
2023-01-14 13:00:00,-0.0,0
2023-01-14 14:00:00,26.958582222222248,13
2023-01-14 15:00:00,4.84422,4
2023-01-14 16:00:00,2.1719600000000003,4
2023-01-14 17:00:00,40.12402222222223,6
2023-01-14 18:00:00,15.382747555555568,15
2023-01-14 19:00:00,17.05372666666666,9
2023-01-14 20:00:00,15.658923456790136,11
2023-01-14 21:00:00,-0.0,0
2023-01-14 22:00:00,2.4251120000000004,2
2023-01-14 23:00:00,6.146355555555559,5
2023-01-15 00:00:00,3.92604691358025,10
2023-01-15 01:00:00,1.8549600000000006,7
2023-01-15 02:00:00,11.54875288888889,25
2023-01-15 03:00:00,9.952305629629628,29
2023-01-15 04:00:00,31.342733333333335,20
2023-01-15 05:00:00,25.795946666666666,25
2023-01-15 06:00:00,27.963844444444444,20
2023-01-15 07:00:00,12.226770370370366,15
2023-01-15 08:00:00,8.58332928395062,23
2023-01-15 09:00:00,7.846044444444444,13
2023-01-15 10:00:00,38.10361876543209,16
2023-01-15 11:00:00,42.55312395061729,25
2023-01-15 12:00:00,64.03695555555558,22
2023-01-15 13:00:00,55.65864444444445,17
2023-01-15 14:00:00,19.94742962962963,14
2023-01-15 15:00:00,8.06937111111111,7
2023-01-15 16:00:00,2.2212444444444337,8
2023-01-15 17:00:00,8.852246913580252,13
2023-01-15 18:00:00,49.72691111111111,6
2023-01-15 19:00:00,32.07917777777779,24
2023-01-15 20:00:00,69.79059511111114,18
2023-01-15 21:00:00,52.93191111111112,6
2023-01-15 22:00:00,17.56517037037035,13
2023-01-15 23:00:00,6.014162962962985,4
2023-01-16 00:00:00,2.120800000000008,6
2023-01-16 01:00:00,6.722911111111137,15
2023-01-16 02:00:00,4.246355555555553,7
2023-01-16 03:00:00,8.537244444444454,7
2023-01-16 04:00:00,-0.0,0
2023-01-16 05:00:00,-0.0,0
2023-01-16 06:00:00,-0.0,0
2023-01-16 07:00:00,-0.0,0
2023-01-16 08:00:00,-0.0,0
2023-01-16 09:00:00,-0.0,0
2023-01-16 10:00:00,-0.0,0
2023-01-16 11:00:00,-0.0,0
2023-01-16 12:00:00,-0.0,0
2023-01-16 13:00:00,-0.0,0
2023-01-16 14:00:00,-0.0,0
2023-01-16 15:00:00,-0.0,0
2023-01-16 16:00:00,-0.0,0
2023-01-16 17:00:00,0.7630419753086528,2
2023-01-16 18:00:00,3.2252480000000077,2
2023-01-16 19:00:00,-0.0,0
2023-01-16 20:00:00,1.6345777777777926,5
2023-01-16 21:00:00,7.302133333333359,5
2023-01-16 22:00:00,8.753466666666718,8
2023-01-16 23:00:00,0.5735308641975507,3
2023-01-17 00:00:00,7.863022222222256,5
2023-01-17 01:00:00,-0.0,0
2023-01-17 02:00:00,-0.0,0
2023-01-17 03:00:00,-0.0,0
2023-01-17 04:00:00,-0.0,0
2023-01-17 05:00:00,8.26044444444446,3
2023-01-17 06:00:00,-0.0,0
2023-01-17 07:00:00,2.8712599999999924,2
2023-01-17 08:00:00,-0.0,0
2023-01-17 09:00:00,16.267800000000022,6
2023-01-17 10:00:00,-0.0,0
2023-01-17 11:00:00,-0.0,0
2023-01-17 12:00:00,-0.0,0
2023-01-17 13:00:00,15.576577777777771,5
2023-01-17 14:00:00,-0.0,0
2023-01-17 15:00:00,-0.0,0
2023-01-17 16:00:00,-0.0,0
2023-01-17 17:00:00,-0.0,0
2023-01-17 18:00:00,-0.0,0
2023-01-17 19:00:00,-0.0,0
2023-01-17 20:00:00,-0.0,0
2023-01-17 21:00:00,-0.0,0
2023-01-17 22:00:00,17.434577777777804,5
2023-01-17 23:00:00,-0.0,0
2023-01-18 00:00:00,-0.0,0
2023-01-18 01:00:00,0.05366200000000276,2
2023-01-18 02:00:00,-0.0,0
2023-01-18 03:00:00,14.206800000000044,5
2023-01-18 04:00:00,7.4456888888888955,5
2023-01-18 05:00:00,3.401359999999997,3
2023-01-18 06:00:00,0.9929960000000051,3
2023-01-18 07:00:00,-0.0,0
2023-01-18 08:00:00,-0.0,0
2023-01-18 09:00:00,-0.0,0
2023-01-18 10:00:00,-0.0,0
2023-01-18 11:00:00,-0.0,0
2023-01-18 12:00:00,-0.0,0
2023-01-18 13:00:00,-0.0,0
2023-01-18 14:00:00,-0.0,0
2023-01-18 15:00:00,-0.0,0
2023-01-18 16:00:00,24.118532000000016,9
2023-01-18 17:00:00,-0.0,0
2023-01-18 18:00:00,6.6437600000000145,3
2023-01-18 19:00:00,5.524390123456783,4
2023-01-18 20:00:00,10.131560000000007,3
2023-01-18 21:00:00,16.414133333333353,5
2023-01-18 22:00:00,179.06124444444447,7
2023-01-18 23:00:00,-0.0,0
2023-01-19 00:00:00,-0.0,0
2023-01-19 01:00:00,-0.0,0
2023-01-19 02:00:00,-0.0,0
2023-01-19 03:00:00,-0.0,0
2023-01-19 04:00:00,-0.0,0
2023-01-19 05:00:00,4.80716000000001,3
2023-01-19 06:00:00,-0.0,0
2023-01-19 07:00:00,-0.0,0
2023-01-19 08:00:00,-0.0,0
2023-01-19 09:00:00,-0.0,0
2023-01-19 10:00:00,-0.0,0
2023-01-19 11:00:00,-0.0,0
2023-01-19 12:00:00,-0.0,0
2023-01-19 13:00:00,-0.0,0
2023-01-19 14:00:00,-0.0,0
2023-01-19 15:00:00,-0.0,0
2023-01-19 16:00:00,51.154577777777774,5
2023-01-19 17:00:00,5.939950617283955,3
2023-01-19 18:00:00,26.793466666666745,7
2023-01-19 19:00:00,43.09891111111112,7
2023-01-19 20:00:00,-0.0,0
2023-01-19 21:00:00,-0.0,0
2023-01-19 22:00:00,-0.0,0
2023-01-19 23:00:00,-0.0,0
2023-01-20 00:00:00,-0.0,0
2023-01-20 01:00:00,-0.0,0
2023-01-20 02:00:00,-0.0,0
2023-01-20 03:00:00,-0.0,0
2023-01-20 04:00:00,-0.0,0
2023-01-20 05:00:00,-0.0,0
2023-01-20 06:00:00,-0.0,0
2023-01-20 07:00:00,-0.0,0
2023-01-20 08:00:00,-0.0,0
2023-01-20 09:00:00,31.063799999999958,6
2023-01-20 10:00:00,10.14446666666666,8
2023-01-20 11:00:00,5.489183999999987,6
2023-01-20 12:00:00,6.520460000000028,5
2023-01-20 13:00:00,10.536987654320974,3
2023-01-20 14:00:00,-0.0,0
2023-01-20 15:00:00,-0.0,0
2023-01-20 16:00:00,-0.0,0
2023-01-20 17:00:00,-0.0,0
2023-01-20 18:00:00,-0.0,0
2023-01-20 19:00:00,-0.0,0
2023-01-20 20:00:00,-0.0,0
2023-01-20 21:00:00,-0.0,0
2023-01-20 22:00:00,-0.0,0
2023-01-20 23:00:00,-0.0,0
2023-01-21 00:00:00,-0.0,0
2023-01-21 01:00:00,-0.0,0
2023-01-21 02:00:00,-0.0,0
2023-01-21 03:00:00,-0.0,0
2023-01-21 04:00:00,-0.0,0
2023-01-21 05:00:00,-0.0,0
2023-01-21 06:00:00,-0.0,0
2023-01-21 07:00:00,-0.0,0
2023-01-21 08:00:00,-0.0,0
2023-01-21 09:00:00,-0.0,0
2023-01-21 10:00:00,-0.0,0
2023-01-21 11:00:00,0.04863703703703948,2
2023-01-21 12:00:00,8.118799999999993,10
2023-01-21 13:00:00,-0.0,0
2023-01-21 14:00:00,-0.0,0
2023-01-21 15:00:00,-0.0,0
2023-01-21 16:00:00,-0.0,0
2023-01-21 17:00:00,-0.0,0
2023-01-21 18:00:00,-0.0,0
2023-01-21 19:00:00,-0.0,0
2023-01-21 20:00:00,-0.0,0
2023-01-21 21:00:00,-0.0,0
2023-01-21 22:00:00,-0.0,0
2023-01-21 23:00:00,-0.0,0
2023-01-22 00:00:00,-0.0,0
2023-01-22 01:00:00,-0.0,0
2023-01-22 02:00:00,-0.0,0
2023-01-22 03:00:00,-0.0,0
2023-01-22 04:00:00,-0.0,0
2023-01-22 05:00:00,-0.0,0
2023-01-22 06:00:00,-0.0,0
2023-01-22 07:00:00,-0.0,0
2023-01-22 08:00:00,-0.0,0
2023-01-22 09:00:00,-0.0,0
2023-01-22 10:00:00,24.17024444444442,6
2023-01-22 11:00:00,28.12680000000003,5
2023-01-22 12:00:00,-0.0,0
2023-01-22 13:00:00,-0.0,0
2023-01-22 14:00:00,-0.0,0
2023-01-22 15:00:00,-0.0,0
2023-01-22 16:00:00,-0.0,0
2023-01-22 17:00:00,-0.0,0
2023-01-22 18:00:00,7.340911111111154,7
2023-01-22 19:00:00,6.256799999999998,7
2023-01-22 20:00:00,2.155660000000026,3
2023-01-22 21:00:00,3.886679012345695,4
2023-01-22 22:00:00,-0.0,0
2023-01-22 23:00:00,-0.0,0
2023-01-23 00:00:00,-0.0,0
2023-01-23 01:00:00,-0.0,0
2023-01-23 02:00:00,-0.0,0
2023-01-23 03:00:00,-0.0,0
2023-01-23 04:00:00,-0.0,0
2023-01-23 05:00:00,-0.0,0
2023-01-23 06:00:00,-0.0,0
2023-01-23 07:00:00,-0.0,0
2023-01-23 08:00:00,-0.0,0
2023-01-23 09:00:00,-0.0,0
2023-01-23 10:00:00,-0.0,0
2023-01-23 11:00:00,-0.0,0
2023-01-23 12:00:00,-0.0,0
2023-01-23 13:00:00,-0.0,0
2023-01-23 14:00:00,-0.0,0
2023-01-23 15:00:00,-0.0,0
2023-01-23 16:00:00,-0.0,0
2023-01-23 17:00:00,-0.0,0
2023-01-23 18:00:00,-0.0,0
2023-01-23 19:00:00,-0.0,0
2023-01-23 20:00:00,-0.0,0
2023-01-23 21:00:00,-0.0,0
2023-01-23 22:00:00,-0.0,0
2023-01-23 23:00:00,-0.0,0
2023-01-24 00:00:00,-0.0,0
2023-01-24 01:00:00,-0.0,0
2023-01-24 02:00:00,-0.0,0
2023-01-24 03:00:00,-0.0,0
2023-01-24 04:00:00,-0.0,0
2023-01-24 05:00:00,-0.0,0
2023-01-24 06:00:00,-0.0,0
2023-01-24 07:00:00,-0.0,0
2023-01-24 08:00:00,-0.0,0
2023-01-24 09:00:00,-0.0,0
2023-01-24 10:00:00,-0.0,0
2023-01-24 11:00:00,-0.0,0
2023-01-24 12:00:00,-0.0,0
2023-01-24 13:00:00,-0.0,0
2023-01-24 14:00:00,-0.0,0
2023-01-24 15:00:00,-0.0,0
2023-01-24 16:00:00,-0.0,0
2023-01-24 17:00:00,-0.0,0
2023-01-24 18:00:00,-0.0,0
2023-01-24 19:00:00,-0.0,0
2023-01-24 20:00:00,5.2755599999999845,2
2023-01-24 21:00:00,-0.0,0
2023-01-24 22:00:00,7.537481481481507,3
2023-01-24 23:00:00,-0.0,0
2023-01-25 00:00:00,-0.0,0
2023-01-25 01:00:00,-0.0,0
2023-01-25 02:00:00,-0.0,0
2023-01-25 03:00:00,-0.0,0
2023-01-25 04:00:00,-0.0,0
2023-01-25 05:00:00,-0.0,0
2023-01-25 06:00:00,-0.0,0
2023-01-25 07:00:00,-0.0,0
2023-01-25 08:00:00,-0.0,0
2023-01-25 09:00:00,-0.0,0
2023-01-25 10:00:00,9.865466666666734,7
2023-01-25 11:00:00,31.925577777777807,8
2023-01-25 12:00:00,17.103272000000004,7
2023-01-25 13:00:00,-0.0,0
2023-01-25 14:00:00,-0.0,0
2023-01-25 15:00:00,-0.0,0
2023-01-25 16:00:00,137.08846666666665,5
2023-01-25 17:00:00,264.20383703703703,10
2023-01-25 18:00:00,158.15813333333332,7
2023-01-25 19:00:00,76.37102222222221,6
2023-01-25 20:00:00,58.695911111111116,5
2023-01-25 21:00:00,33.8434666666667,5
2023-01-25 22:00:00,2.148675999999984,8
2023-01-25 23:00:00,-0.0,0
2023-01-26 00:00:00,-0.0,0
2023-01-26 01:00:00,-0.0,0
2023-01-26 02:00:00,-0.0,0
2023-01-26 03:00:00,-0.0,0
2023-01-26 04:00:00,-0.0,0
2023-01-26 05:00:00,43.5554666666667,6
2023-01-26 06:00:00,16.58391999999995,6
2023-01-26 07:00:00,-0.0,0
2023-01-26 08:00:00,-0.0,0
2023-01-26 09:00:00,-0.0,0
2023-01-26 10:00:00,-0.0,0
2023-01-26 11:00:00,24.740022222222244,7
2023-01-26 12:00:00,15.781466666666716,5
2023-01-26 13:00:00,17.903800000000047,7
2023-01-26 14:00:00,11.309022222222225,6
2023-01-26 15:00:00,10.089560000000006,2
2023-01-26 16:00:00,-0.0,0
2023-01-26 17:00:00,8.68968888888891,6
2023-01-26 18:00:00,5.811911111111158,2
2023-01-26 19:00:00,-0.0,0
2023-01-26 20:00:00,-0.0,0
2023-01-26 21:00:00,-0.0,0
2023-01-26 22:00:00,-0.0,0
2023-01-26 23:00:00,-0.0,0
2023-01-27 00:00:00,2.7065777777778237,6
2023-01-27 01:00:00,-0.0,0
2023-01-27 02:00:00,0.42124938271605217,2
2023-01-27 03:00:00,-0.0,0
2023-01-27 04:00:00,0.3655600000000021,2
2023-01-27 05:00:00,-0.0,0
2023-01-27 06:00:00,-0.0,0
2023-01-27 07:00:00,-0.0,0
2023-01-27 08:00:00,-0.0,0
2023-01-27 09:00:00,-0.0,0
2023-01-27 10:00:00,-0.0,0
2023-01-27 11:00:00,-0.0,0
2023-01-27 12:00:00,-0.0,0
2023-01-27 13:00:00,-0.0,0
2023-01-27 14:00:00,-0.0,0
2023-01-27 15:00:00,30.250159999999994,2
2023-01-27 16:00:00,82.37512000000001,4
2023-01-27 17:00:00,42.01946000000001,2
2023-01-27 18:00:00,-0.0,0
2023-01-27 19:00:00,-0.0,0
2023-01-27 20:00:00,-0.0,0
2023-01-27 21:00:00,-0.0,0
2023-01-27 22:00:00,-0.0,0
2023-01-27 23:00:00,1.3162600000000246,6
2023-01-28 00:00:00,1.8254599999999925,2
2023-01-28 01:00:00,-0.0,0
2023-01-28 02:00:00,-0.0,0
2023-01-28 03:00:00,-0.0,0
2023-01-28 04:00:00,-0.0,0
2023-01-28 05:00:00,-0.0,0
2023-01-28 06:00:00,5.325559999999996,2
2023-01-28 07:00:00,25.674466666666717,5
2023-01-28 08:00:00,17.532577777777817,5
2023-01-28 09:00:00,-0.0,0
2023-01-28 10:00:00,-0.0,0
2023-01-28 11:00:00,-0.0,0
2023-01-28 12:00:00,-0.0,0
2023-01-28 13:00:00,-0.0,0
2023-01-28 14:00:00,-0.0,0
2023-01-28 15:00:00,-0.0,0
2023-01-28 16:00:00,-0.0,0
2023-01-28 17:00:00,-0.0,0
2023-01-28 18:00:00,-0.0,0
2023-01-28 19:00:00,-0.0,0
2023-01-28 20:00:00,-0.0,0
2023-01-28 21:00:00,-0.0,0
2023-01-28 22:00:00,-0.0,0
2023-01-28 23:00:00,2.1134469135802476,2
2023-01-29 00:00:00,-0.0,0
2023-01-29 01:00:00,-0.0,0
2023-01-29 02:00:00,4.773807407407411,2
2023-01-29 03:00:00,-0.0,0
2023-01-29 04:00:00,-0.0,0
2023-01-29 05:00:00,-0.0,0
2023-01-29 06:00:00,-0.0,0
2023-01-29 07:00:00,-0.0,0
2023-01-29 08:00:00,1.7655599999999936,2
2023-01-29 09:00:00,-0.0,0
2023-01-29 10:00:00,-0.0,0
2023-01-29 11:00:00,-0.0,0
2023-01-29 12:00:00,27.950133333333348,5
2023-01-29 13:00:00,9.881022222222235,5
2023-01-29 14:00:00,8.087975308641973,3
2023-01-29 15:00:00,-0.0,0
2023-01-29 16:00:00,-0.0,0
2023-01-29 17:00:00,-0.0,0
2023-01-29 18:00:00,-0.0,0
2023-01-29 19:00:00,1.4765599999999992,5
2023-01-29 20:00:00,6.599733333333347,5
2023-01-29 21:00:00,21.860846913580275,10
2023-01-29 22:00:00,49.4568,6
2023-01-29 23:00:00,27.074493333333344,14
2023-01-30 00:00:00,52.91640000000001,15
2023-01-30 01:00:00,75.6987048888889,15
2023-01-30 02:00:00,142.30770444444445,25
2023-01-30 03:00:00,119.62614320987655,13
2023-01-30 04:00:00,50.896466666666676,7
2023-01-30 05:00:00,79.99624444444446,6
2023-01-30 06:00:00,57.39124444444447,6
2023-01-30 07:00:00,58.33568888888891,6
2023-01-30 08:00:00,91.22857777777779,6
2023-01-30 09:00:00,37.40957777777783,5
2023-01-30 10:00:00,6.723022222222255,5
2023-01-30 11:00:00,17.58588977777782,19
2023-01-30 12:00:00,-0.0,0
2023-01-30 13:00:00,-0.0,0
2023-01-30 14:00:00,3.5928000000000253,5
2023-01-30 15:00:00,0.7955599999999947,2
2023-01-30 16:00:00,74.70274567901234,10
2023-01-30 17:00:00,6.6690197530864594,6
2023-01-30 18:00:00,12.378577777777792,5
2023-01-30 19:00:00,-0.0,0
2023-01-30 20:00:00,1.4589599999999905,2
2023-01-30 21:00:00,-0.0,0
2023-01-30 22:00:00,46.48007135802473,16
2023-01-30 23:00:00,25.870653333333316,9
2023-01-31 00:00:00,12.819688888888901,5
2023-01-31 01:00:00,23.682732839506208,14
2023-01-31 02:00:00,5.329244444444463,5
2023-01-31 03:00:00,-0.0,0
2023-01-31 04:00:00,10.597600000000085,10
2023-01-31 05:00:00,0.6765599999999949,2
2023-01-31 06:00:00,29.114604444444424,10
2023-01-31 07:00:00,37.00480000000002,5
2023-01-31 08:00:00,30.274577777777807,5
2023-01-31 09:00:00,8.9419111111112,10
2023-01-31 10:00:00,-0.0,0
2023-01-31 11:00:00,-0.0,0
2023-01-31 12:00:00,-0.0,0
2023-01-31 13:00:00,-0.0,0
2023-01-31 14:00:00,-0.0,0
2023-01-31 15:00:00,-0.0,0
2023-01-31 16:00:00,-0.0,0
2023-01-31 17:00:00,-0.0,0
2023-01-31 18:00:00,-0.0,0
2023-01-31 19:00:00,-0.0,0
2023-01-31 20:00:00,-0.0,0
2023-01-31 21:00:00,-0.0,0
2023-01-31 22:00:00,0.8999506172839631,3
2023-01-31 23:00:00,-0.0,0
2023-02-01 00:00:00,7.9903599999999955,2
2023-02-01 01:00:00,-0.0,0
2023-02-01 02:00:00,-0.0,0
2023-02-01 03:00:00,21.245377777777797,12
2023-02-01 04:00:00,26.413693333333327,8
2023-02-01 05:00:00,23.277911111111152,6
2023-02-01 06:00:00,43.99568888888892,7
2023-02-01 07:00:00,28.755911111111146,10
2023-02-01 08:00:00,10.569466666666685,6
2023-02-01 09:00:00,-0.0,0
2023-02-01 10:00:00,-0.0,0
2023-02-01 11:00:00,-0.0,0
2023-02-01 12:00:00,5.9792444444444826,5
2023-02-01 13:00:00,-0.0,0
2023-02-01 14:00:00,-0.0,0
2023-02-01 15:00:00,-0.0,0
2023-02-01 16:00:00,-0.0,0
2023-02-01 17:00:00,-0.0,0
2023-02-01 18:00:00,-0.0,0
2023-02-01 19:00:00,-0.0,0
2023-02-01 20:00:00,-0.0,0
2023-02-01 21:00:00,-0.0,0
2023-02-01 22:00:00,9.780632000000011,5
2023-02-01 23:00:00,-0.0,0
2023-02-02 00:00:00,-0.0,0
2023-02-02 01:00:00,-0.0,0
2023-02-02 02:00:00,-0.0,0
2023-02-02 03:00:00,-0.0,0
2023-02-02 04:00:00,-0.0,0
2023-02-02 05:00:00,-0.0,0
2023-02-02 06:00:00,-0.0,0
2023-02-02 07:00:00,-0.0,0
2023-02-02 08:00:00,-0.0,0
2023-02-02 09:00:00,-0.0,0
2023-02-02 10:00:00,-0.0,0
2023-02-02 11:00:00,-0.0,0
2023-02-02 12:00:00,-0.0,0
2023-02-02 13:00:00,-0.0,0
2023-02-02 14:00:00,-0.0,0
2023-02-02 15:00:00,-0.0,0
2023-02-02 16:00:00,-0.0,0
2023-02-02 17:00:00,-0.0,0
2023-02-02 18:00:00,-0.0,0
2023-02-02 19:00:00,-0.0,0
2023-02-02 20:00:00,-0.0,0
2023-02-02 21:00:00,-0.0,0
2023-02-02 22:00:00,-0.0,0
2023-02-02 23:00:00,-0.0,0
2023-02-03 00:00:00,-0.0,0
2023-02-03 01:00:00,9.593377777777782,16
2023-02-03 02:00:00,5.107466666666671,11
2023-02-03 03:00:00,18.519244444444443,6
2023-02-03 04:00:00,60.2965777777778,5
2023-02-03 05:00:00,42.483688888888906,6
2023-02-03 06:00:00,11.57902222222225,8
2023-02-03 07:00:00,18.466800000000035,5
2023-02-03 08:00:00,-0.0,0
2023-02-03 09:00:00,0.17526000000000863,2
2023-02-03 10:00:00,-0.0,0
2023-02-03 11:00:00,-0.0,0
2023-02-03 12:00:00,-0.0,0
2023-02-03 13:00:00,1.3621333333333538,8
2023-02-03 14:00:00,7.843244444444522,10
2023-02-03 15:00:00,-0.0,0
2023-02-03 16:00:00,-0.0,0
2023-02-03 17:00:00,-0.0,0
2023-02-03 18:00:00,-0.0,0
2023-02-03 19:00:00,0.5515599999999949,2
2023-02-03 20:00:00,-0.0,0
2023-02-03 21:00:00,5.660133333333349,5
2023-02-03 22:00:00,39.968474765432234,30
2023-02-03 23:00:00,24.446355555555577,5
2023-02-04 00:00:00,21.73780000000002,6
2023-02-04 01:00:00,0.8342659999999995,3
2023-02-04 02:00:00,-0.0,0
2023-02-04 03:00:00,-0.0,0
2023-02-04 04:00:00,-0.0,0
2023-02-04 05:00:00,-0.0,0
2023-02-04 06:00:00,-0.0,0
2023-02-04 07:00:00,-0.0,0
2023-02-04 08:00:00,-0.0,0
2023-02-04 09:00:00,-0.0,0
2023-02-04 10:00:00,-0.0,0
2023-02-04 11:00:00,-0.0,0
2023-02-04 12:00:00,-0.0,0
2023-02-04 13:00:00,-0.0,0
2023-02-04 14:00:00,-0.0,0
2023-02-04 15:00:00,-0.0,0
2023-02-04 16:00:00,-0.0,0
2023-02-04 17:00:00,-0.0,0
2023-02-04 18:00:00,-0.0,0
2023-02-04 19:00:00,-0.0,0
2023-02-04 20:00:00,-0.0,0
2023-02-04 21:00:00,-0.0,0
2023-02-04 22:00:00,-0.0,0
2023-02-04 23:00:00,-0.0,0
2023-02-05 00:00:00,-0.0,0
2023-02-05 01:00:00,-0.0,0
2023-02-05 02:00:00,-0.0,0
2023-02-05 03:00:00,-0.0,0
2023-02-05 04:00:00,-0.0,0
2023-02-05 05:00:00,-0.0,0
2023-02-05 06:00:00,-0.0,0
2023-02-05 07:00:00,-0.0,0
2023-02-05 08:00:00,-0.0,0
2023-02-05 09:00:00,-0.0,0
2023-02-05 10:00:00,-0.0,0
2023-02-05 11:00:00,0.4751600000000096,3
2023-02-05 12:00:00,-0.0,0
2023-02-05 13:00:00,-0.0,0
2023-02-05 14:00:00,-0.0,0
2023-02-05 15:00:00,-0.0,0
2023-02-05 16:00:00,-0.0,0
2023-02-05 17:00:00,24.731244444444457,6
2023-02-05 18:00:00,27.805688888888923,8
2023-02-05 19:00:00,15.867244444444495,11
2023-02-05 20:00:00,-0.0,0
2023-02-05 21:00:00,-0.0,0
2023-02-05 22:00:00,-0.0,0
2023-02-05 23:00:00,-0.0,0
2023-02-06 00:00:00,-0.0,0
2023-02-06 01:00:00,-0.0,0
2023-02-06 02:00:00,-0.0,0
2023-02-06 03:00:00,-0.0,0
2023-02-06 04:00:00,-0.0,0
2023-02-06 05:00:00,-0.0,0
2023-02-06 06:00:00,-0.0,0
2023-02-06 07:00:00,-0.0,0
2023-02-06 08:00:00,-0.0,0
2023-02-06 09:00:00,-0.0,0
2023-02-06 10:00:00,-0.0,0
2023-02-06 11:00:00,-0.0,0
2023-02-06 12:00:00,-0.0,0
2023-02-06 13:00:00,-0.0,0
2023-02-06 14:00:00,-0.0,0
2023-02-06 15:00:00,-0.0,0
2023-02-06 16:00:00,-0.0,0
2023-02-06 17:00:00,-0.0,0
2023-02-06 18:00:00,-0.0,0
2023-02-06 19:00:00,-0.0,0
2023-02-06 20:00:00,-0.0,0
2023-02-06 21:00:00,-0.0,0
2023-02-06 22:00:00,-0.0,0
2023-02-06 23:00:00,-0.0,0
2023-02-07 00:00:00,-0.0,0
2023-02-07 01:00:00,-0.0,0
2023-02-07 02:00:00,-0.0,0
2023-02-07 03:00:00,-0.0,0
2023-02-07 04:00:00,-0.0,0
2023-02-07 05:00:00,-0.0,0
2023-02-07 06:00:00,-0.0,0
2023-02-07 07:00:00,-0.0,0
2023-02-07 08:00:00,-0.0,0
2023-02-07 09:00:00,-0.0,0
2023-02-07 10:00:00,21.06897111111121,10
2023-02-07 11:00:00,-0.0,0
2023-02-07 12:00:00,-0.0,0
2023-02-07 13:00:00,-0.0,0
2023-02-07 14:00:00,-0.0,0
2023-02-07 15:00:00,-0.0,0
2023-02-07 16:00:00,-0.0,0
2023-02-07 17:00:00,-0.0,0
2023-02-07 18:00:00,-0.0,0
2023-02-07 19:00:00,-0.0,0
2023-02-07 20:00:00,-0.0,0
2023-02-07 21:00:00,-0.0,0
2023-02-07 22:00:00,-0.0,0
2023-02-07 23:00:00,-0.0,0
2023-02-08 00:00:00,-0.0,0
2023-02-08 01:00:00,-0.0,0
2023-02-08 02:00:00,-0.0,0
2023-02-08 03:00:00,-0.0,0
2023-02-08 04:00:00,-0.0,0
2023-02-08 05:00:00,-0.0,0
2023-02-08 06:00:00,-0.0,0
2023-02-08 07:00:00,32.11776543209875,4
2023-02-08 08:00:00,-0.0,0
2023-02-08 09:00:00,-0.0,0
2023-02-08 10:00:00,-0.0,0
2023-02-08 11:00:00,-0.0,0
2023-02-08 12:00:00,-0.0,0
2023-02-08 13:00:00,-0.0,0
2023-02-08 14:00:00,-0.0,0
2023-02-08 15:00:00,2.6459320000000233,9
2023-02-08 16:00:00,0.5052839506173061,6
2023-02-08 17:00:00,-0.0,0
2023-02-08 18:00:00,-0.0,0
2023-02-08 19:00:00,-0.0,0
2023-02-08 20:00:00,-0.0,0
2023-02-08 21:00:00,-0.0,0
2023-02-08 22:00:00,-0.0,0
2023-02-08 23:00:00,13.65082469135804,8
2023-02-09 00:00:00,-0.0,0
2023-02-09 01:00:00,18.81391111111112,5
2023-02-09 02:00:00,-0.0,0
2023-02-09 03:00:00,11.409022222222234,5
2023-02-09 04:00:00,9.186848888888889,9
2023-02-09 05:00:00,3.3338864197530924,2
2023-02-09 06:00:00,27.641510617283984,21
2023-02-09 07:00:00,-0.0,0
2023-02-09 08:00:00,-0.0,0
2023-02-09 09:00:00,10.832355555555576,5
2023-02-09 10:00:00,-0.0,0
2023-02-09 11:00:00,0.24316049382717253,3
2023-02-09 12:00:00,-0.0,0
2023-02-09 13:00:00,-0.0,0
2023-02-09 14:00:00,-0.0,0
2023-02-09 15:00:00,-0.0,0
2023-02-09 16:00:00,-0.0,0
2023-02-09 17:00:00,-0.0,0
2023-02-09 18:00:00,12.599456790123469,3
2023-02-09 19:00:00,14.250577777777792,5
2023-02-09 20:00:00,8.666577777777789,5
2023-02-09 21:00:00,0.619560000000007,2
2023-02-09 22:00:00,-0.0,0
2023-02-09 23:00:00,-0.0,0
2023-02-10 00:00:00,-0.0,0
2023-02-10 01:00:00,6.403688888888919,7
2023-02-10 02:00:00,9.566800000000029,5
2023-02-10 03:00:00,1.612560000000002,4
2023-02-10 04:00:00,1.2680880000000023,2
2023-02-10 05:00:00,1.0099600000000066,2
2023-02-10 06:00:00,-0.0,0
2023-02-10 07:00:00,-0.0,0
2023-02-10 08:00:00,-0.0,0
2023-02-10 09:00:00,-0.0,0
2023-02-10 10:00:00,-0.0,0
2023-02-10 11:00:00,-0.0,0
2023-02-10 12:00:00,-0.0,0
2023-02-10 13:00:00,-0.0,0
2023-02-10 14:00:00,7.330933333333334,2
2023-02-10 15:00:00,23.24013333333334,5
2023-02-10 16:00:00,26.84635555555559,6
2023-02-10 17:00:00,33.48457777777781,5
2023-02-10 18:00:00,37.34368888888889,5
2023-02-10 19:00:00,13.513030222222234,9
2023-02-10 20:00:00,1.5811333333333337,5
2023-02-10 21:00:00,90.90394049382718,17
2023-02-10 22:00:00,12.392748444444443,13
2023-02-10 23:00:00,33.45258222222223,7
2023-02-11 00:00:00,7.8729333333333145,10
2023-02-11 01:00:00,12.918557530864199,6
2023-02-11 02:00:00,19.114148888888884,8
2023-02-11 03:00:00,23.27346666666667,6
2023-02-11 04:00:00,169.90229333333332,22
2023-02-11 05:00:00,46.60603530864197,15
2023-02-11 06:00:00,40.16111358024695,13
2023-02-11 07:00:00,-0.0,0
2023-02-11 08:00:00,20.120024691358026,6
2023-02-11 09:00:00,50.01114800000002,6
2023-02-11 10:00:00,36.82057777777779,5
2023-02-11 11:00:00,69.56947481481484,15
2023-02-11 12:00:00,36.972510617283945,12
2023-02-11 13:00:00,33.48266345679012,16
2023-02-11 14:00:00,18.252577777777795,5
2023-02-11 15:00:00,104.76435555555557,5
2023-02-11 16:00:00,40.400466666666695,7
2023-02-11 17:00:00,51.96068888888896,8
2023-02-11 18:00:00,50.19057777777783,5
2023-02-11 19:00:00,14.65346666666671,7
2023-02-11 20:00:00,49.485465679012464,25
2023-02-11 21:00:00,17.171880493827246,17
2023-02-11 22:00:00,24.04620444444447,7
2023-02-11 23:00:00,-0.0,0
2023-02-12 00:00:00,7.130560000000003,2
2023-02-12 01:00:00,-0.0,0
2023-02-12 02:00:00,-0.0,0
2023-02-12 03:00:00,-0.0,0
2023-02-12 04:00:00,-0.0,0
2023-02-12 05:00:00,32.57113333333335,6
2023-02-12 06:00:00,69.68093333333341,14
2023-02-12 07:00:00,-0.0,0
2023-02-12 08:00:00,-0.0,0
2023-02-12 09:00:00,-0.0,0
2023-02-12 10:00:00,33.53568888888894,5
2023-02-12 11:00:00,14.734577777777801,6
2023-02-12 12:00:00,-0.0,0
2023-02-12 13:00:00,-0.0,0
2023-02-12 14:00:00,-0.0,0
2023-02-12 15:00:00,-0.0,0
2023-02-12 16:00:00,11.899911111111123,5
2023-02-12 17:00:00,68.81868888888894,8
2023-02-12 18:00:00,77.76568888888889,5
2023-02-12 19:00:00,71.7228,5
2023-02-12 20:00:00,74.80368888888891,5
2023-02-12 21:00:00,35.691244444444465,5
2023-02-12 22:00:00,20.397911111111128,5
2023-02-12 23:00:00,-0.0,0
2023-02-13 00:00:00,-0.0,0
2023-02-13 01:00:00,-0.0,0
2023-02-13 02:00:00,-0.0,0
2023-02-13 03:00:00,-0.0,0
2023-02-13 04:00:00,-0.0,0
2023-02-13 05:00:00,-0.0,0
2023-02-13 06:00:00,-0.0,0
2023-02-13 07:00:00,-0.0,0
2023-02-13 08:00:00,-0.0,0
2023-02-13 09:00:00,-0.0,0
2023-02-13 10:00:00,5.124911111111103,6
2023-02-13 11:00:00,-0.0,0
2023-02-13 12:00:00,-0.0,0
2023-02-13 13:00:00,-0.0,0
2023-02-13 14:00:00,-0.0,0
2023-02-13 15:00:00,-0.0,0
2023-02-13 16:00:00,-0.0,0
2023-02-13 17:00:00,-0.0,0
2023-02-13 18:00:00,-0.0,0
2023-02-13 19:00:00,-0.0,0
2023-02-13 20:00:00,-0.0,0
2023-02-13 21:00:00,-0.0,0
2023-02-13 22:00:00,-0.0,0
2023-02-13 23:00:00,-0.0,0
2023-02-14 00:00:00,-0.0,0
2023-02-14 01:00:00,-0.0,0
2023-02-14 02:00:00,-0.0,0
2023-02-14 03:00:00,-0.0,0
2023-02-14 04:00:00,-0.0,0
2023-02-14 05:00:00,-0.0,0
2023-02-14 06:00:00,-0.0,0
2023-02-14 07:00:00,-0.0,0
2023-02-14 08:00:00,-0.0,0
2023-02-14 09:00:00,-0.0,0
2023-02-14 10:00:00,-0.0,0
2023-02-14 11:00:00,-0.0,0
2023-02-14 12:00:00,-0.0,0
2023-02-14 13:00:00,9.258244444444458,5
2023-02-14 14:00:00,7.056800000000013,5
2023-02-14 15:00:00,-0.0,0
2023-02-14 16:00:00,-0.0,0
2023-02-14 17:00:00,-0.0,0
2023-02-14 18:00:00,-0.0,0
2023-02-14 19:00:00,-0.0,0
2023-02-14 20:00:00,-0.0,0
2023-02-14 21:00:00,-0.0,0
2023-02-14 22:00:00,-0.0,0
2023-02-14 23:00:00,-0.0,0
2023-02-15 00:00:00,-0.0,0
2023-02-15 01:00:00,-0.0,0
2023-02-15 02:00:00,-0.0,0
2023-02-15 03:00:00,-0.0,0
2023-02-15 04:00:00,-0.0,0
2023-02-15 05:00:00,-0.0,0
2023-02-15 06:00:00,-0.0,0
2023-02-15 07:00:00,-0.0,0
2023-02-15 08:00:00,-0.0,0
2023-02-15 09:00:00,-0.0,0
2023-02-15 10:00:00,-0.0,0
2023-02-15 11:00:00,1.4891520000000327,3
2023-02-15 12:00:00,-0.0,0
2023-02-15 13:00:00,-0.0,0
2023-02-15 14:00:00,-0.0,0
2023-02-15 15:00:00,-0.0,0
2023-02-15 16:00:00,-0.0,0
2023-02-15 17:00:00,-0.0,0
2023-02-15 18:00:00,17.3348,6
2023-02-15 19:00:00,54.767911111111104,6
2023-02-15 20:00:00,51.58291111111117,5
2023-02-15 21:00:00,41.28435555555559,6
2023-02-15 22:00:00,35.75057777777779,7
2023-02-15 23:00:00,-0.0,0
2023-02-16 00:00:00,-0.0,0
2023-02-16 01:00:00,-0.0,0
2023-02-16 02:00:00,0.24538271604939155,3
2023-02-16 03:00:00,-0.0,0
2023-02-16 04:00:00,-0.0,0
2023-02-16 05:00:00,-0.0,0
2023-02-16 06:00:00,1.6975599999999815,2
2023-02-16 07:00:00,15.461800000000068,6
2023-02-16 08:00:00,2.1832592592593096,4
2023-02-16 09:00:00,-0.0,0
2023-02-16 10:00:00,-0.0,0
2023-02-16 11:00:00,-0.0,0
2023-02-16 12:00:00,-0.0,0
2023-02-16 13:00:00,-0.0,0
2023-02-16 14:00:00,-0.0,0
2023-02-16 15:00:00,-0.0,0
2023-02-16 16:00:00,-0.0,0
2023-02-16 17:00:00,-0.0,0
2023-02-16 18:00:00,-0.0,0
2023-02-16 19:00:00,-0.0,0
2023-02-16 20:00:00,-0.0,0
2023-02-16 21:00:00,-0.0,0
2023-02-16 22:00:00,-0.0,0
2023-02-16 23:00:00,-0.0,0
2023-02-17 00:00:00,1.9045777777777673,5
2023-02-17 01:00:00,21.915022222222234,5
2023-02-17 02:00:00,34.52880000000001,5
2023-02-17 03:00:00,40.44524444444445,5
2023-02-17 04:00:00,6.716799999999999,6
2023-02-17 05:00:00,18.328577777777788,5
2023-02-17 06:00:00,1.3974666666666735,5
2023-02-17 07:00:00,-0.0,0
2023-02-17 08:00:00,-0.0,0
2023-02-17 09:00:00,-0.0,0
2023-02-17 10:00:00,-0.0,0
2023-02-17 11:00:00,14.591244444444449,5
2023-02-17 12:00:00,3.144871111111101,8
2023-02-17 13:00:00,60.67556740740742,24
2023-02-17 14:00:00,99.08622266666667,13
2023-02-17 15:00:00,41.89968933333334,8
2023-02-17 16:00:00,79.18368888888892,6
2023-02-17 17:00:00,43.42635555555556,5
2023-02-17 18:00:00,48.661318518518556,8
2023-02-17 19:00:00,100.90804444444449,15
2023-02-17 20:00:00,85.14226666666669,12
2023-02-17 21:00:00,84.85334888888886,12
2023-02-17 22:00:00,34.532083950617285,14
2023-02-17 23:00:00,13.219022222222222,5
2023-02-18 00:00:00,58.79080000000001,5
2023-02-18 01:00:00,65.03991111111111,6
2023-02-18 02:00:00,34.000800000000005,5
2023-02-18 03:00:00,14.064800000000012,11
2023-02-18 04:00:00,-0.0,0
2023-02-18 05:00:00,0.5488049382716085,2
2023-02-18 06:00:00,17.46991111111116,6
2023-02-18 07:00:00,15.952355555555588,5
2023-02-18 08:00:00,-0.0,0
2023-02-18 09:00:00,-0.0,0
2023-02-18 10:00:00,7.097466666666676,5
2023-02-18 11:00:00,4.242244444444452,6
2023-02-18 12:00:00,12.323170370370363,9
2023-02-18 13:00:00,6.462387654320985,15
2023-02-18 14:00:00,28.554355555555553,6
2023-02-18 15:00:00,34.89913333333334,6
2023-02-18 16:00:00,21.4785777777778,5
2023-02-18 17:00:00,-0.0,0
2023-02-18 18:00:00,6.690520000000021,4
2023-02-18 19:00:00,-0.0,0
2023-02-18 20:00:00,-0.0,0
2023-02-18 21:00:00,-0.0,0
2023-02-18 22:00:00,-0.0,0
2023-02-18 23:00:00,-0.0,0
2023-02-19 00:00:00,4.564703703703728,3
2023-02-19 01:00:00,16.813466666666685,5
2023-02-19 02:00:00,4.0363555555555735,5
2023-02-19 03:00:00,1.1466600000000113,2
2023-02-19 04:00:00,-0.0,0
2023-02-19 05:00:00,-0.0,0
2023-02-19 06:00:00,-0.0,0
2023-02-19 07:00:00,-0.0,0
2023-02-19 08:00:00,13.965577777777797,8
2023-02-19 09:00:00,24.759022222222242,5
2023-02-19 10:00:00,15.95791111111113,5
2023-02-19 11:00:00,-0.0,0
2023-02-19 12:00:00,5.139022222222252,5
2023-02-19 13:00:00,0.25398518518520063,3
2023-02-19 14:00:00,-0.0,0
2023-02-19 15:00:00,-0.0,0
2023-02-19 16:00:00,-0.0,0
2023-02-19 17:00:00,-0.0,0
2023-02-19 18:00:00,-0.0,0
2023-02-19 19:00:00,-0.0,0
2023-02-19 20:00:00,-0.0,0
2023-02-19 21:00:00,3.3817200000000014,6
2023-02-19 22:00:00,-0.0,0
2023-02-19 23:00:00,2.7173580246913573,3
2023-02-20 00:00:00,1.6834599999999966,2
2023-02-20 01:00:00,22.86638024691358,8
2023-02-20 02:00:00,34.62035555555556,5
2023-02-20 03:00:00,33.26519580246914,15
2023-02-20 04:00:00,56.21471244444444,18
2023-02-20 05:00:00,119.84676814814821,31
2023-02-20 06:00:00,4.741120987654341,8
2023-02-20 07:00:00,16.068577777777804,5
2023-02-20 08:00:00,0.22649382716049438,3
2023-02-20 09:00:00,18.012596543209884,13
2023-02-20 10:00:00,8.950133333333337,5
2023-02-20 11:00:00,27.6199111111111,5
2023-02-20 12:00:00,26.405061234567903,10
2023-02-20 13:00:00,24.5788,5
2023-02-20 14:00:00,4.010118518518517,8
2023-02-20 15:00:00,1.8685777777777801,5
2023-02-20 16:00:00,11.565876543209882,3
2023-02-20 17:00:00,3.1487200000000115,5
2023-02-20 18:00:00,35.53613333333337,5
2023-02-20 19:00:00,1.3981333333333623,6
2023-02-20 20:00:00,12.659022222222259,5
2023-02-20 21:00:00,22.574244444444442,5
2023-02-20 22:00:00,11.855466666666679,6
2023-02-20 23:00:00,-0.0,0
2023-02-21 00:00:00,0.6848296296296308,2
2023-02-21 01:00:00,-0.0,0
2023-02-21 02:00:00,-0.0,0
2023-02-21 03:00:00,3.724133333333329,5
2023-02-21 04:00:00,33.74346666666669,5
2023-02-21 05:00:00,57.1963555555556,5
2023-02-21 06:00:00,-0.0,0
2023-02-21 07:00:00,-0.0,0
2023-02-21 08:00:00,-0.0,0
2023-02-21 09:00:00,-0.0,0
2023-02-21 10:00:00,-0.0,0
2023-02-21 11:00:00,-0.0,0
2023-02-21 12:00:00,-0.0,0
2023-02-21 13:00:00,10.592488888888937,10
2023-02-21 14:00:00,29.265688888888924,8
2023-02-21 15:00:00,-0.0,0
2023-02-21 16:00:00,-0.0,0
2023-02-21 17:00:00,41.911244444444435,5
2023-02-21 18:00:00,4.017234567901262,3
2023-02-21 19:00:00,-0.0,0
2023-02-21 20:00:00,-0.0,0
2023-02-21 21:00:00,-0.0,0
2023-02-21 22:00:00,-0.0,0
2023-02-21 23:00:00,-0.0,0
2023-02-22 00:00:00,-0.0,0
2023-02-22 01:00:00,-0.0,0
2023-02-22 02:00:00,-0.0,0
2023-02-22 03:00:00,-0.0,0
2023-02-22 04:00:00,-0.0,0
2023-02-22 05:00:00,-0.0,0
2023-02-22 06:00:00,-0.0,0
2023-02-22 07:00:00,-0.0,0
2023-02-22 08:00:00,-0.0,0
2023-02-22 09:00:00,-0.0,0
2023-02-22 10:00:00,-0.0,0
2023-02-22 11:00:00,-0.0,0
2023-02-22 12:00:00,-0.0,0
2023-02-22 13:00:00,-0.0,0
2023-02-22 14:00:00,-0.0,0
2023-02-22 15:00:00,-0.0,0
2023-02-22 16:00:00,-0.0,0
2023-02-22 17:00:00,-0.0,0
2023-02-22 18:00:00,-0.0,0
2023-02-22 19:00:00,-0.0,0
2023-02-22 20:00:00,-0.0,0
2023-02-22 21:00:00,-0.0,0
2023-02-22 22:00:00,-0.0,0
2023-02-22 23:00:00,-0.0,0
2023-02-23 00:00:00,-0.0,0
2023-02-23 01:00:00,-0.0,0
2023-02-23 02:00:00,-0.0,0
2023-02-23 03:00:00,-0.0,0
2023-02-23 04:00:00,-0.0,0
2023-02-23 05:00:00,-0.0,0
2023-02-23 06:00:00,-0.0,0
2023-02-23 07:00:00,-0.0,0
2023-02-23 08:00:00,-0.0,0
2023-02-23 09:00:00,-0.0,0
2023-02-23 10:00:00,21.123466666666687,6
2023-02-23 11:00:00,25.041022222222246,6
2023-02-23 12:00:00,22.179244444444493,6
2023-02-23 13:00:00,37.817355555555594,5
2023-02-23 14:00:00,4.130355555555582,6
2023-02-23 15:00:00,10.974800000000087,8
2023-02-23 16:00:00,2.094466666666742,12
2023-02-23 17:00:00,25.231244444444457,5
2023-02-23 18:00:00,0.26631851851851707,2
2023-02-23 19:00:00,-0.0,0
2023-02-23 20:00:00,-0.0,0
2023-02-23 21:00:00,-0.0,0
2023-02-23 22:00:00,-0.0,0
2023-02-23 23:00:00,-0.0,0
2023-02-24 00:00:00,-0.0,0
2023-02-24 01:00:00,-0.0,0
2023-02-24 02:00:00,7.489466666666681,5
2023-02-24 03:00:00,-0.0,0
2023-02-24 04:00:00,-0.0,0
2023-02-24 05:00:00,-0.0,0
2023-02-24 06:00:00,-0.0,0
2023-02-24 07:00:00,-0.0,0
2023-02-24 08:00:00,-0.0,0
2023-02-24 09:00:00,-0.0,0
2023-02-24 10:00:00,-0.0,0
2023-02-24 11:00:00,-0.0,0
2023-02-24 12:00:00,-0.0,0
2023-02-24 13:00:00,-0.0,0
2023-02-24 14:00:00,-0.0,0
2023-02-24 15:00:00,-0.0,0
2023-02-24 16:00:00,-0.0,0
2023-02-24 17:00:00,-0.0,0
2023-02-24 18:00:00,-0.0,0
2023-02-24 19:00:00,-0.0,0
2023-02-24 20:00:00,4.957481481481494,3
2023-02-24 21:00:00,8.781244444444468,5
2023-02-24 22:00:00,5.37945679012347,3
2023-02-24 23:00:00,-0.0,0
2023-02-25 00:00:00,19.283471111111126,7
2023-02-25 01:00:00,18.701688888888874,5
2023-02-25 02:00:00,29.807244444444457,5
2023-02-25 03:00:00,27.591688888888896,5
2023-02-25 04:00:00,25.129022222222254,10
2023-02-25 05:00:00,24.663800000000016,7
2023-02-25 06:00:00,1.665688888888937,5
2023-02-25 07:00:00,6.327911111111135,5
2023-02-25 08:00:00,2.209360000000011,4
2023-02-25 09:00:00,6.146800000000013,5
2023-02-25 10:00:00,50.06851555555558,12
2023-02-25 11:00:00,0.05093827160493447,3
2023-02-25 12:00:00,48.59371111111111,11
2023-02-25 13:00:00,84.1504888888889,10
2023-02-25 14:00:00,-0.0,0
2023-02-25 15:00:00,0.062460000000001514,2
2023-02-25 16:00:00,2.275560000000013,2
2023-02-25 17:00:00,21.69991111111112,5
2023-02-25 18:00:00,-0.0,0
2023-02-25 19:00:00,-0.0,0
2023-02-25 20:00:00,-0.0,0
2023-02-25 21:00:00,4.948577777777814,5
2023-02-25 22:00:00,3.2883456790123518,3
2023-02-25 23:00:00,-0.0,0
2023-02-26 00:00:00,-0.0,0
2023-02-26 01:00:00,-0.0,0
2023-02-26 02:00:00,-0.0,0
2023-02-26 03:00:00,-0.0,0
2023-02-26 04:00:00,-0.0,0
2023-02-26 05:00:00,-0.0,0
2023-02-26 06:00:00,-0.0,0
2023-02-26 07:00:00,-0.0,0
2023-02-26 08:00:00,13.54457777777779,5
2023-02-26 09:00:00,-0.0,0
2023-02-26 10:00:00,-0.0,0
2023-02-26 11:00:00,-0.0,0
2023-02-26 12:00:00,19.11771111111112,10
2023-02-26 13:00:00,43.159577777777784,5
2023-02-26 14:00:00,33.18791111111112,5
2023-02-26 15:00:00,18.277688888888903,5
2023-02-26 16:00:00,35.868355555555596,10
2023-02-26 17:00:00,-0.0,0
2023-02-26 18:00:00,-0.0,0
2023-02-26 19:00:00,-0.0,0
2023-02-26 20:00:00,-0.0,0
2023-02-26 21:00:00,-0.0,0
2023-02-26 22:00:00,-0.0,0
2023-02-26 23:00:00,-0.0,0
2023-02-27 00:00:00,-0.0,0
2023-02-27 01:00:00,-0.0,0
2023-02-27 02:00:00,-0.0,0
2023-02-27 03:00:00,-0.0,0
2023-02-27 04:00:00,-0.0,0
2023-02-27 05:00:00,-0.0,0
2023-02-27 06:00:00,-0.0,0
2023-02-27 07:00:00,-0.0,0
2023-02-27 08:00:00,2.219086419753097,6
2023-02-27 09:00:00,-0.0,0
2023-02-27 10:00:00,-0.0,0
2023-02-27 11:00:00,-0.0,0
2023-02-27 12:00:00,-0.0,0
2023-02-27 13:00:00,-0.0,0
2023-02-27 14:00:00,-0.0,0
2023-02-27 15:00:00,-0.0,0
2023-02-27 16:00:00,-0.0,0
2023-02-27 17:00:00,-0.0,0
2023-02-27 18:00:00,-0.0,0
2023-02-27 19:00:00,-0.0,0
2023-02-27 20:00:00,-0.0,0
2023-02-27 21:00:00,-0.0,0
2023-02-27 22:00:00,-0.0,0
2023-02-27 23:00:00,-0.0,0
2023-02-28 00:00:00,-0.0,0
2023-02-28 01:00:00,-0.0,0
2023-02-28 02:00:00,-0.0,0
2023-02-28 03:00:00,-0.0,0
2023-02-28 04:00:00,-0.0,0
2023-02-28 05:00:00,-0.0,0
2023-02-28 06:00:00,-0.0,0
2023-02-28 07:00:00,-0.0,0
2023-02-28 08:00:00,-0.0,0
2023-02-28 09:00:00,-0.0,0
2023-02-28 10:00:00,-0.0,0
2023-02-28 11:00:00,-0.0,0
2023-02-28 12:00:00,-0.0,0
2023-02-28 13:00:00,-0.0,0
2023-02-28 14:00:00,-0.0,0
2023-02-28 15:00:00,-0.0,0
2023-02-28 16:00:00,-0.0,0
2023-02-28 17:00:00,-0.0,0
2023-02-28 18:00:00,7.437559999999991,3
2023-02-28 19:00:00,4.992133333333385,5
2023-02-28 20:00:00,-0.0,0
2023-02-28 21:00:00,-0.0,0
2023-02-28 22:00:00,-0.0,0
2023-02-28 23:00:00,-0.0,0
2023-03-01 00:00:00,-0.0,0
2023-03-01 01:00:00,-0.0,0
2023-03-01 02:00:00,-0.0,0
2023-03-01 03:00:00,-0.0,0
2023-03-01 04:00:00,-0.0,0
2023-03-01 05:00:00,-0.0,0
2023-03-01 06:00:00,-0.0,0
2023-03-01 07:00:00,-0.0,0
2023-03-01 08:00:00,-0.0,0
2023-03-01 09:00:00,-0.0,0
2023-03-01 10:00:00,13.134911111111151,5
2023-03-01 11:00:00,1.1611333333333498,10
2023-03-01 12:00:00,-0.0,0
2023-03-01 13:00:00,1.4763600000000139,2
2023-03-01 14:00:00,-0.0,0
2023-03-01 15:00:00,1.7384691358024753,3
2023-03-01 16:00:00,-0.0,0
2023-03-01 17:00:00,-0.0,0
2023-03-01 18:00:00,-0.0,0
2023-03-01 19:00:00,-0.0,0
2023-03-01 20:00:00,-0.0,0
2023-03-01 21:00:00,-0.0,0
2023-03-01 22:00:00,-0.0,0
2023-03-01 23:00:00,-0.0,0
2023-03-02 00:00:00,-0.0,0
2023-03-02 01:00:00,-0.0,0
2023-03-02 02:00:00,-0.0,0
2023-03-02 03:00:00,-0.0,0
2023-03-02 04:00:00,-0.0,0
2023-03-02 05:00:00,-0.0,0
2023-03-02 06:00:00,-0.0,0
2023-03-02 07:00:00,-0.0,0
2023-03-02 08:00:00,-0.0,0
2023-03-02 09:00:00,-0.0,0
2023-03-02 10:00:00,1.321765432098779,5
2023-03-02 11:00:00,10.393466666666704,6
2023-03-02 12:00:00,10.294355555555597,7
2023-03-02 13:00:00,-0.0,0
2023-03-02 14:00:00,1.2461234567901442,8
2023-03-02 15:00:00,-0.0,0
2023-03-02 16:00:00,-0.0,0
2023-03-02 17:00:00,-0.0,0
2023-03-02 18:00:00,4.326022222222235,8
2023-03-02 19:00:00,10.684800000000052,10
2023-03-02 20:00:00,-0.0,0
2023-03-02 21:00:00,-0.0,0
2023-03-02 22:00:00,-0.0,0
2023-03-02 23:00:00,-0.0,0
2023-03-03 00:00:00,-0.0,0
2023-03-03 01:00:00,-0.0,0
2023-03-03 02:00:00,-0.0,0
2023-03-03 03:00:00,-0.0,0
2023-03-03 04:00:00,-0.0,0
2023-03-03 05:00:00,-0.0,0
2023-03-03 06:00:00,3.7371358024691403,5
2023-03-03 07:00:00,-0.0,0
2023-03-03 08:00:00,23.604355555555628,10
2023-03-03 09:00:00,46.3450222222223,8
2023-03-03 10:00:00,35.52235555555559,5
2023-03-03 11:00:00,18.366466666666703,10
2023-03-03 12:00:00,17.132133333333357,7
2023-03-03 13:00:00,20.270911111111136,6
2023-03-03 14:00:00,14.913022222222253,5
2023-03-03 15:00:00,2.8311199999999985,5
2023-03-03 16:00:00,-0.0,0
2023-03-03 17:00:00,1.029362962962992,5
2023-03-03 18:00:00,9.660688888888913,6
2023-03-03 19:00:00,59.056800000000024,5
2023-03-03 20:00:00,42.855688888888906,5
2023-03-03 21:00:00,49.41968888888891,5
2023-03-03 22:00:00,34.60124444444446,5
2023-03-03 23:00:00,-0.0,0
2023-03-04 00:00:00,-0.0,0
2023-03-04 01:00:00,57.07540399999998,8
2023-03-04 02:00:00,26.22347999999999,15
2023-03-04 03:00:00,44.910303703703676,26
2023-03-04 04:00:00,8.526246913580252,3
2023-03-04 05:00:00,18.95138271604938,6
2023-03-04 06:00:00,-0.0,0
2023-03-04 07:00:00,-0.0,0
2023-03-04 08:00:00,-0.0,0
2023-03-04 09:00:00,-0.0,0
2023-03-04 10:00:00,6.674765432098759,3
2023-03-04 11:00:00,0.6829135802469182,3
2023-03-04 12:00:00,-0.0,0
2023-03-04 13:00:00,-0.0,0
2023-03-04 14:00:00,-0.0,0
2023-03-04 15:00:00,-0.0,0
2023-03-04 16:00:00,-0.0,0
2023-03-04 17:00:00,3.5786888888889052,6
2023-03-04 18:00:00,-0.0,0
2023-03-04 19:00:00,-0.0,0
2023-03-04 20:00:00,-0.0,0
2023-03-04 21:00:00,-0.0,0
2023-03-04 22:00:00,-0.0,0
2023-03-04 23:00:00,-0.0,0
2023-03-05 00:00:00,-0.0,0
2023-03-05 01:00:00,-0.0,0
2023-03-05 02:00:00,-0.0,0
2023-03-05 03:00:00,-0.0,0
2023-03-05 04:00:00,-0.0,0
2023-03-05 05:00:00,-0.0,0
2023-03-05 06:00:00,-0.0,0
2023-03-05 07:00:00,-0.0,0
2023-03-05 08:00:00,-0.0,0
2023-03-05 09:00:00,10.136133333333369,7
2023-03-05 10:00:00,0.6755600000000044,2
2023-03-05 11:00:00,-0.0,0
2023-03-05 12:00:00,-0.0,0
2023-03-05 13:00:00,5.421120000000016,4
2023-03-05 14:00:00,-0.0,0
2023-03-05 15:00:00,-0.0,0
2023-03-05 16:00:00,-0.0,0
2023-03-05 17:00:00,-0.0,0
2023-03-05 18:00:00,-0.0,0
2023-03-05 19:00:00,-0.0,0
2023-03-05 20:00:00,-0.0,0
2023-03-05 21:00:00,-0.0,0
2023-03-05 22:00:00,-0.0,0
2023-03-05 23:00:00,-0.0,0
2023-03-06 00:00:00,-0.0,0
2023-03-06 01:00:00,-0.0,0
2023-03-06 02:00:00,-0.0,0
2023-03-06 03:00:00,-0.0,0
2023-03-06 04:00:00,-0.0,0
2023-03-06 05:00:00,-0.0,0
2023-03-06 06:00:00,98.34413333333333,5
2023-03-06 07:00:00,34.75035555555556,7
2023-03-06 08:00:00,33.73524444444445,8
2023-03-06 09:00:00,15.59168888888891,5
2023-03-06 10:00:00,13.61057777777777,6
2023-03-06 11:00:00,10.298133333333325,9
2023-03-06 12:00:00,-0.0,0
2023-03-06 13:00:00,-0.0,0
2023-03-06 14:00:00,-0.0,0
2023-03-06 15:00:00,-0.0,0
2023-03-06 16:00:00,-0.0,0
2023-03-06 17:00:00,-0.0,0
2023-03-06 18:00:00,-0.0,0
2023-03-06 19:00:00,-0.0,0
2023-03-06 20:00:00,-0.0,0
2023-03-06 21:00:00,17.653244444444464,5
2023-03-06 22:00:00,4.001244444444453,5
2023-03-06 23:00:00,39.20235555555558,5
2023-03-07 00:00:00,24.271466666666694,6
2023-03-07 01:00:00,23.964244444444475,5
2023-03-07 02:00:00,3.909688888888894,6
2023-03-07 03:00:00,-0.0,0
2023-03-07 04:00:00,-0.0,0
2023-03-07 05:00:00,16.205688888888915,5
2023-03-07 06:00:00,81.81413333333339,10
2023-03-07 07:00:00,50.36835555555563,10
2023-03-07 08:00:00,120.00235555555557,5
2023-03-07 09:00:00,35.81302222222225,13
2023-03-07 10:00:00,15.410577777777839,8
2023-03-07 11:00:00,6.333466666666695,5
2023-03-07 12:00:00,-0.0,0
2023-03-07 13:00:00,-0.0,0
2023-03-07 14:00:00,48.6100444444445,15
2023-03-07 15:00:00,-0.0,0
2023-03-07 16:00:00,60.74880000000002,10
2023-03-07 17:00:00,-0.0,0
2023-03-07 18:00:00,-0.0,0
2023-03-07 19:00:00,8.652355555555584,5
2023-03-07 20:00:00,0.7606980000000201,4
2023-03-07 21:00:00,-0.0,0
2023-03-07 22:00:00,-0.0,0
2023-03-07 23:00:00,-0.0,0
2023-03-08 00:00:00,-0.0,0
2023-03-08 01:00:00,-0.0,0
2023-03-08 02:00:00,-0.0,0
2023-03-08 03:00:00,-0.0,0
2023-03-08 04:00:00,-0.0,0
2023-03-08 05:00:00,-0.0,0
2023-03-08 06:00:00,-0.0,0
2023-03-08 07:00:00,-0.0,0
2023-03-08 08:00:00,-0.0,0
2023-03-08 09:00:00,-0.0,0
2023-03-08 10:00:00,-0.0,0
2023-03-08 11:00:00,-0.0,0
2023-03-08 12:00:00,29.86402469135807,6
2023-03-08 13:00:00,-0.0,0
2023-03-08 14:00:00,-0.0,0
2023-03-08 15:00:00,-0.0,0
2023-03-08 16:00:00,-0.0,0
2023-03-08 17:00:00,-0.0,0
2023-03-08 18:00:00,-0.0,0
2023-03-08 19:00:00,-0.0,0
2023-03-08 20:00:00,-0.0,0
2023-03-08 21:00:00,2.0562444444445163,10
2023-03-08 22:00:00,-0.0,0
2023-03-08 23:00:00,-0.0,0
2023-03-09 00:00:00,-0.0,0
2023-03-09 01:00:00,-0.0,0
2023-03-09 02:00:00,-0.0,0
2023-03-09 03:00:00,-0.0,0
2023-03-09 04:00:00,-0.0,0
2023-03-09 05:00:00,-0.0,0
2023-03-09 06:00:00,-0.0,0
2023-03-09 07:00:00,-0.0,0
2023-03-09 08:00:00,-0.0,0
2023-03-09 09:00:00,-0.0,0
2023-03-09 10:00:00,-0.0,0
2023-03-09 11:00:00,-0.0,0
2023-03-09 12:00:00,-0.0,0
2023-03-09 13:00:00,-0.0,0
2023-03-09 14:00:00,-0.0,0
2023-03-09 15:00:00,4.381559999999993,2
2023-03-09 16:00:00,-0.0,0
2023-03-09 17:00:00,15.13957777777782,12
2023-03-09 18:00:00,15.320466666666704,9
2023-03-09 19:00:00,10.752800000000079,10
2023-03-09 20:00:00,0.8587777777777887,6
2023-03-09 21:00:00,-0.0,0
2023-03-09 22:00:00,-0.0,0
2023-03-09 23:00:00,-0.0,0
2023-03-10 00:00:00,-0.0,0
2023-03-10 01:00:00,-0.0,0
2023-03-10 02:00:00,-0.0,0
2023-03-10 03:00:00,-0.0,0
2023-03-10 04:00:00,-0.0,0
2023-03-10 05:00:00,-0.0,0
2023-03-10 06:00:00,-0.0,0
2023-03-10 07:00:00,-0.0,0
2023-03-10 08:00:00,-0.0,0
2023-03-10 09:00:00,-0.0,0
2023-03-10 10:00:00,-0.0,0
2023-03-10 11:00:00,-0.0,0
2023-03-10 12:00:00,-0.0,0
2023-03-10 13:00:00,-0.0,0
2023-03-10 14:00:00,-0.0,0
2023-03-10 15:00:00,-0.0,0
2023-03-10 16:00:00,-0.0,0
2023-03-10 17:00:00,0.3538680000000056,2
2023-03-10 18:00:00,-0.0,0
2023-03-10 19:00:00,10.262355555555601,6
2023-03-10 20:00:00,4.949466666666709,5
2023-03-10 21:00:00,17.59524444444446,5
2023-03-10 22:00:00,23.391466666666716,6
2023-03-10 23:00:00,12.832049382716065,3
2023-03-11 00:00:00,6.382577777777811,7
2023-03-11 01:00:00,0.3154148148148188,7
2023-03-11 02:00:00,-0.0,0
2023-03-11 03:00:00,-0.0,0
2023-03-11 04:00:00,2.0376049382716133,3
2023-03-11 05:00:00,0.1749876543209865,5
2023-03-11 06:00:00,-0.0,0
2023-03-11 07:00:00,65.58857777777781,5
2023-03-11 08:00:00,13.59680000000003,7
2023-03-11 09:00:00,78.19402222222224,5
2023-03-11 10:00:00,79.1436888888889,5
2023-03-11 11:00:00,111.91749135802469,8
2023-03-11 12:00:00,86.9766888888889,6
2023-03-11 13:00:00,105.10637777777782,11
2023-03-11 14:00:00,20.820133333333356,5
2023-03-11 15:00:00,-0.0,0
2023-03-11 16:00:00,-0.0,0
2023-03-11 17:00:00,4.016088000000003,2
2023-03-11 18:00:00,142.4110896296296,17
2023-03-11 19:00:00,-0.0,0
2023-03-11 20:00:00,-0.0,0
2023-03-11 21:00:00,29.89302222222227,6
2023-03-11 22:00:00,-0.0,0
2023-03-11 23:00:00,-0.0,0
2023-03-12 00:00:00,-0.0,0
2023-03-12 01:00:00,4.448577777777814,5
2023-03-12 02:00:00,-0.0,0
2023-03-12 03:00:00,8.613022222222241,6
2023-03-12 04:00:00,-0.0,0
2023-03-12 05:00:00,-0.0,0
2023-03-12 06:00:00,3.4743555555556185,8
2023-03-12 07:00:00,-0.0,0
2023-03-12 08:00:00,-0.0,0
2023-03-12 09:00:00,6.35835555555559,5
2023-03-12 10:00:00,12.549688888888937,8
2023-03-12 11:00:00,3.0856888888889387,10
2023-03-12 12:00:00,20.295608888888893,17
2023-03-12 13:00:00,58.078342222222226,50
2023-03-12 14:00:00,33.825622222222236,21
2023-03-12 15:00:00,14.390711111111152,14
2023-03-12 16:00:00,0.9374400000000094,4
2023-03-12 17:00:00,-0.0,0
2023-03-12 18:00:00,-0.0,0
2023-03-12 19:00:00,-0.0,0
2023-03-12 20:00:00,0.8581279999999971,3
2023-03-12 21:00:00,10.44257777777797,25
2023-03-12 22:00:00,2.9553022222222296,9
2023-03-12 23:00:00,-0.0,0
2023-03-13 00:00:00,35.88171111111113,19
2023-03-13 01:00:00,35.31195555555557,18
2023-03-13 02:00:00,72.93475955555554,62
2023-03-13 03:00:00,74.87594567901235,46
2023-03-13 04:00:00,27.91910222222222,40
2023-03-13 05:00:00,9.50280000000001,7
2023-03-13 06:00:00,28.080266666666667,11
2023-03-13 07:00:00,8.642377777777781,12
2023-03-13 08:00:00,13.999742222222228,19
2023-03-13 09:00:00,35.50225333333334,18
2023-03-13 10:00:00,50.945030888888894,29
2023-03-13 11:00:00,63.25166444444446,84
2023-03-13 12:00:00,38.84203975308642,57
2023-03-13 13:00:00,54.99246733333335,134
2023-03-13 14:00:00,44.49739758024693,58
2023-03-13 15:00:00,27.201431999999997,25
2023-03-13 16:00:00,-0.0,0
2023-03-13 17:00:00,-0.0,0
2023-03-13 18:00:00,5.559359999999991,2
2023-03-13 19:00:00,25.034192592592586,16
2023-03-13 20:00:00,6.750680000000001,6
2023-03-13 21:00:00,5.361022222222227,5
2023-03-13 22:00:00,20.05366666666667,20
2023-03-13 23:00:00,35.14079511111112,21
2023-03-14 00:00:00,55.21840002469137,67
2023-03-14 01:00:00,78.40644879012346,94
2023-03-14 02:00:00,82.38703814814818,91
2023-03-14 03:00:00,65.05113866666667,36
2023-03-14 04:00:00,60.70304755555556,24
2023-03-14 05:00:00,99.47235555555558,5
2023-03-14 06:00:00,57.40124444444447,5
2023-03-14 07:00:00,41.696133333333364,5
2023-03-14 08:00:00,25.173244444444478,5
2023-03-14 09:00:00,9.480133333333342,5
2023-03-14 10:00:00,27.23235555555558,5
2023-03-14 11:00:00,65.67457777777777,5
2023-03-14 12:00:00,43.06035555555555,5
2023-03-14 13:00:00,31.031030666666673,9
2023-03-14 14:00:00,32.78121975308641,9
2023-03-14 15:00:00,8.239031111111146,9
2023-03-14 16:00:00,4.240911111111124,6
2023-03-14 17:00:00,26.401244444444472,5
2023-03-14 18:00:00,6.1051358024691496,3
2023-03-14 19:00:00,2.995244444444463,6
2023-03-14 20:00:00,29.70857777777779,6
2023-03-14 21:00:00,8.464577777777805,5
2023-03-14 22:00:00,36.851244444444475,5
2023-03-14 23:00:00,-0.0,0
2023-03-15 00:00:00,-0.0,0
2023-03-15 01:00:00,-0.0,0
2023-03-15 02:00:00,-0.0,0
2023-03-15 03:00:00,1.0865407407407446,4
2023-03-15 04:00:00,3.6561530864197564,4
2023-03-15 05:00:00,-0.0,0
2023-03-15 06:00:00,-0.0,0
2023-03-15 07:00:00,-0.0,0
2023-03-15 08:00:00,-0.0,0
2023-03-15 09:00:00,-0.0,0
2023-03-15 10:00:00,-0.0,0
2023-03-15 11:00:00,1.0207308641975352,2
2023-03-15 12:00:00,21.380133333333326,7
2023-03-15 13:00:00,0.6495012345679028,2
2023-03-15 14:00:00,-0.0,0
2023-03-15 15:00:00,-0.0,0
2023-03-15 16:00:00,-0.0,0
2023-03-15 17:00:00,-0.0,0
2023-03-15 18:00:00,4.1345777777777855,6
2023-03-15 19:00:00,3.6800839506173304,11
2023-03-15 20:00:00,66.88193777777778,7
2023-03-15 21:00:00,14.827688888888929,5
2023-03-15 22:00:00,3.917911111111131,5
2023-03-15 23:00:00,10.715466666666714,7
2023-03-16 00:00:00,-0.0,0
2023-03-16 01:00:00,-0.0,0
2023-03-16 02:00:00,-0.0,0
2023-03-16 03:00:00,-0.0,0
2023-03-16 04:00:00,6.755911111111146,7
2023-03-16 05:00:00,-0.0,0
2023-03-16 06:00:00,-0.0,0
2023-03-16 07:00:00,-0.0,0
2023-03-16 08:00:00,-0.0,0
2023-03-16 09:00:00,-0.0,0
2023-03-16 10:00:00,-0.0,0
2023-03-16 11:00:00,-0.0,0
2023-03-16 12:00:00,18.831472839506173,27
2023-03-16 13:00:00,67.581144,18
2023-03-16 14:00:00,48.689427160493835,13
2023-03-16 15:00:00,73.85871111111113,13
2023-03-16 16:00:00,17.85724444444446,5
2023-03-16 17:00:00,1.3683555555556097,5
2023-03-16 18:00:00,0.6276600000000059,2
2023-03-16 19:00:00,-0.0,0
2023-03-16 20:00:00,-0.0,0
2023-03-16 21:00:00,-0.0,0
2023-03-16 22:00:00,1.8696888888889038,5
2023-03-16 23:00:00,25.04080000000002,5
2023-03-17 00:00:00,47.933688888888895,5
2023-03-17 01:00:00,30.74013333333331,5
2023-03-17 02:00:00,-0.0,0
2023-03-17 03:00:00,16.725688888888897,5
2023-03-17 04:00:00,24.49768888888892,5
2023-03-17 05:00:00,34.02902222222223,6
2023-03-17 06:00:00,27.251022222222247,5
2023-03-17 07:00:00,10.225120000000018,4
2023-03-17 08:00:00,-0.0,0
2023-03-17 09:00:00,21.725688888888897,7
2023-03-17 10:00:00,30.802577777777792,5
2023-03-17 11:00:00,31.566577777777788,5
2023-03-17 12:00:00,69.9705777777778,7
2023-03-17 13:00:00,61.95968888888893,8
2023-03-17 14:00:00,65.53802222222225,7
2023-03-17 15:00:00,33.37446666666668,6
2023-03-17 16:00:00,49.53837111111116,9
2023-03-17 17:00:00,49.36991111111115,6
2023-03-17 18:00:00,71.51791111111109,5
2023-03-17 19:00:00,47.240244444444485,5
2023-03-17 20:00:00,29.321244444444496,6
2023-03-17 21:00:00,7.908800000000085,6
2023-03-17 22:00:00,-0.0,0
2023-03-17 23:00:00,-0.0,0
2023-03-18 00:00:00,-0.0,0
2023-03-18 01:00:00,-0.0,0
2023-03-18 02:00:00,-0.0,0
2023-03-18 03:00:00,-0.0,0
2023-03-18 04:00:00,-0.0,0
2023-03-18 05:00:00,-0.0,0
2023-03-18 06:00:00,-0.0,0
2023-03-18 07:00:00,-0.0,0
2023-03-18 08:00:00,-0.0,0
2023-03-18 09:00:00,-0.0,0
2023-03-18 10:00:00,-0.0,0
2023-03-18 11:00:00,2.032577777777803,6
2023-03-18 12:00:00,5.243466666666691,5
2023-03-18 13:00:00,4.801308641975329,3
2023-03-18 14:00:00,-0.0,0
2023-03-18 15:00:00,-0.0,0
2023-03-18 16:00:00,-0.0,0
2023-03-18 17:00:00,-0.0,0
2023-03-18 18:00:00,-0.0,0
2023-03-18 19:00:00,-0.0,0
2023-03-18 20:00:00,-0.0,0
2023-03-18 21:00:00,-0.0,0
2023-03-18 22:00:00,-0.0,0
2023-03-18 23:00:00,3.5436480000000046,2
2023-03-19 00:00:00,-0.0,0
2023-03-19 01:00:00,-0.0,0
2023-03-19 02:00:00,-0.0,0
2023-03-19 03:00:00,-0.0,0
2023-03-19 04:00:00,-0.0,0
2023-03-19 05:00:00,-0.0,0
2023-03-19 06:00:00,-0.0,0
2023-03-19 07:00:00,-0.0,0
2023-03-19 08:00:00,-0.0,0
2023-03-19 09:00:00,-0.0,0
2023-03-19 10:00:00,-0.0,0
2023-03-19 11:00:00,-0.0,0
2023-03-19 12:00:00,-0.0,0
2023-03-19 13:00:00,-0.0,0
2023-03-19 14:00:00,-0.0,0
2023-03-19 15:00:00,30.22546666666672,5
2023-03-19 16:00:00,8.701466666666704,5
2023-03-19 17:00:00,39.38057777777783,6
2023-03-19 18:00:00,186.83368888888884,5
2023-03-19 19:00:00,3.1696888888889703,8
2023-03-19 20:00:00,10.818355555555563,6
2023-03-19 21:00:00,-0.0,0
2023-03-19 22:00:00,-0.0,0
2023-03-19 23:00:00,-0.0,0
2023-03-20 00:00:00,-0.0,0
2023-03-20 01:00:00,-0.0,0
2023-03-20 02:00:00,-0.0,0
2023-03-20 03:00:00,3.4323600000000027,2
2023-03-20 04:00:00,3.0832839506173038,3
2023-03-20 05:00:00,-0.0,0
2023-03-20 06:00:00,-0.0,0
2023-03-20 07:00:00,-0.0,0
2023-03-20 08:00:00,31.645911111111104,5
2023-03-20 09:00:00,-0.0,0
2023-03-20 10:00:00,17.30057777777779,5
2023-03-20 11:00:00,12.400244444444482,5
2023-03-20 12:00:00,-0.0,0
2023-03-20 13:00:00,-0.0,0
2023-03-20 14:00:00,-0.0,0
2023-03-20 15:00:00,41.29346666666672,7
2023-03-20 16:00:00,55.42680000000004,5
2023-03-20 17:00:00,94.55057777777785,6
2023-03-20 18:00:00,135.44946666666664,5
2023-03-20 19:00:00,74.05324444444454,8
2023-03-20 20:00:00,10.520355555555597,7
2023-03-20 21:00:00,-0.0,0
2023-03-20 22:00:00,-0.0,0
2023-03-20 23:00:00,-0.0,0
2023-03-21 00:00:00,-0.0,0
2023-03-21 01:00:00,-0.0,0
2023-03-21 02:00:00,-0.0,0
2023-03-21 03:00:00,-0.0,0
2023-03-21 04:00:00,-0.0,0
2023-03-21 05:00:00,3.0699111111110966,9
2023-03-21 06:00:00,12.310355555555532,5
2023-03-21 07:00:00,28.138577777777833,10
2023-03-21 08:00:00,21.494800000000055,5
2023-03-21 09:00:00,-0.0,0
2023-03-21 10:00:00,-0.0,0
2023-03-21 11:00:00,2.1731604938271722,5
2023-03-21 12:00:00,1.5701333333333487,5
2023-03-21 13:00:00,5.740108641975354,10
2023-03-21 14:00:00,2.8240246913580194,3
2023-03-21 15:00:00,-0.0,0
2023-03-21 16:00:00,5.743037037037055,3
2023-03-21 17:00:00,50.84235555555554,5
2023-03-21 18:00:00,38.806577777777804,5
2023-03-21 19:00:00,-0.0,0
2023-03-21 20:00:00,-0.0,0
2023-03-21 21:00:00,15.519022222222251,5
2023-03-21 22:00:00,3.7739012345679157,3
2023-03-21 23:00:00,-0.0,0
2023-03-22 00:00:00,4.291119999999978,4
2023-03-22 01:00:00,2.157481481481483,3
2023-03-22 02:00:00,6.646577777777793,5
2023-03-22 03:00:00,10.766577777777783,5
2023-03-22 04:00:00,2.1356296296296335,3
2023-03-22 05:00:00,8.920466666666684,6
2023-03-22 06:00:00,-0.0,0
2023-03-22 07:00:00,-0.0,0
2023-03-22 08:00:00,10.457022222222214,6
2023-03-22 09:00:00,22.656044444444458,16
2023-03-22 10:00:00,53.74835822222222,7
2023-03-22 11:00:00,41.44620888888889,20
2023-03-22 12:00:00,53.18841400000001,20
2023-03-22 13:00:00,5.07336,2
2023-03-22 14:00:00,7.229577777777777,5
2023-03-22 15:00:00,33.29280000000001,5
2023-03-22 16:00:00,26.210355555555566,5
2023-03-22 17:00:00,18.224945679012407,9
2023-03-22 18:00:00,3.6955600000000004,2
2023-03-22 19:00:00,-0.0,0
2023-03-22 20:00:00,2.4574599999999975,2
2023-03-22 21:00:00,-0.0,0
2023-03-22 22:00:00,13.162860000000016,9
2023-03-22 23:00:00,45.79873333333334,16
2023-03-23 00:00:00,81.99013333333335,37
2023-03-23 01:00:00,90.47267570370371,41
2023-03-23 02:00:00,107.3162711111111,44
2023-03-23 03:00:00,55.71462222222222,17
2023-03-23 04:00:00,137.7559431111111,18
2023-03-23 05:00:00,56.40857777777778,5
2023-03-23 06:00:00,16.714355555555585,5
2023-03-23 07:00:00,3.1071111111111236,5
2023-03-23 08:00:00,11.398355555555561,5
2023-03-23 09:00:00,55.33271200000001,7
2023-03-23 10:00:00,72.28104888888888,10
2023-03-23 11:00:00,71.75982222222221,10
2023-03-23 12:00:00,0.7730370370370405,4
2023-03-23 13:00:00,55.67115555555556,13
2023-03-23 14:00:00,30.956651851851845,10
2023-03-23 15:00:00,19.026133333333362,10
2023-03-23 16:00:00,38.08191111111114,5
2023-03-23 17:00:00,2.020577777777799,5
2023-03-23 18:00:00,-0.0,0
2023-03-23 19:00:00,-0.0,0
2023-03-23 20:00:00,-0.0,0
2023-03-23 21:00:00,-0.0,0
2023-03-23 22:00:00,-0.0,0
2023-03-23 23:00:00,19.38615555555557,14
2023-03-24 00:00:00,48.508048888888894,28
2023-03-24 01:00:00,33.623799999999996,9
2023-03-24 02:00:00,17.283992666666684,25
2023-03-24 03:00:00,53.05946355555555,33
2023-03-24 04:00:00,15.897441481481504,21
2023-03-24 05:00:00,5.594057777777778,14
2023-03-24 06:00:00,-0.0,0
2023-03-24 07:00:00,12.532577777777789,5
2023-03-24 08:00:00,23.251688888888893,5
2023-03-24 09:00:00,24.633688888888884,5
2023-03-24 10:00:00,53.63131340740742,19
2023-03-24 11:00:00,83.88206913580247,16
2023-03-24 12:00:00,70.12668380246915,32
2023-03-24 13:00:00,72.82240533333334,25
2023-03-24 14:00:00,81.30089955555557,34
2023-03-24 15:00:00,37.13181575308644,15
2023-03-24 16:00:00,-0.0,0
2023-03-24 17:00:00,6.315466666666719,7
2023-03-24 18:00:00,2.3249600000000044,2
2023-03-24 19:00:00,-0.0,0
2023-03-24 20:00:00,-0.0,0
2023-03-24 21:00:00,1.8876666666666662,9
2023-03-24 22:00:00,5.7641333333333336,7
2023-03-24 23:00:00,28.13116577777778,37
2023-03-25 00:00:00,45.79988004938271,60
2023-03-25 01:00:00,15.005468641975307,16
2023-03-25 02:00:00,16.009791111111113,20
2023-03-25 03:00:00,20.488211950617284,41
2023-03-25 04:00:00,26.41502765432099,47
2023-03-25 05:00:00,9.472566419753088,14
2023-03-25 06:00:00,16.91171555555556,7
2023-03-25 07:00:00,31.71829511111111,13
2023-03-25 08:00:00,25.76298577777778,27
2023-03-25 09:00:00,45.745639506172836,13
2023-03-25 10:00:00,34.36549333333333,19
2023-03-25 11:00:00,21.609556444444443,14
2023-03-25 12:00:00,21.89282222222222,12
2023-03-25 13:00:00,19.035024888888888,13
2023-03-25 14:00:00,26.745535802469135,17
2023-03-25 15:00:00,16.523911111111115,12
2023-03-25 16:00:00,33.88857777777778,8
2023-03-25 17:00:00,25.483022222222232,5
2023-03-25 18:00:00,32.23902222222226,5
2023-03-25 19:00:00,41.03257777777778,7
2023-03-25 20:00:00,59.73900740740741,9
2023-03-25 21:00:00,76.21300155555562,22
2023-03-25 22:00:00,44.46711555555553,14
2023-03-25 23:00:00,30.444577777777813,8
2023-03-26 00:00:00,13.507911111111113,6
2023-03-26 01:00:00,31.344800000000003,8
